quarter_start,quarter_end,days_in_quarter,source_record_id,annualization_factor,opening_domestic_interest_bearing_deposits_usd,closing_domestic_interest_bearing_deposits_usd,average_domestic_interest_bearing_deposits_proxy_usd,deposit_average_basis,deposit_cost_annualized_proxy,policy_rate_mean_decimal,publication_date,submission_datetime,availability_status,quarter_deposit_interest_expense_usd,quarter_foreign_deposit_interest_expense_usd,quarter_total_interest_income_usd,quarter_total_interest_expense_usd,quarter_net_interest_income_usd,quarter_noninterest_income_usd,quarter_noninterest_expense_usd,quarter_provision_for_credit_losses_usd,quarter_net_loan_chargeoffs_usd
2015-01-01,2015-03-31,90,12368_20150331,4.055555555555555,64096250000,65297505000,64696877500.0,"Arithmetic mean of prior/current quarter-end DEPIDOM, not reported RC-K daily/weekly average",0.0018047152962589953,0.001128888888888889,,,Exact bank-quarter submission/publication dates not observed; FDIC later-vintage record,28790000,62000,885880000,55511000,830369000,406018000,828146000,49000000,54571000
2015-04-01,2015-06-30,91,12368_20150630,4.010989010989011,65297505000,64106443000,64701974000.0,"Arithmetic mean of prior/current quarter-end DEPIDOM, not reported RC-K daily/weekly average",0.0017487254563668955,0.0012560439560439561,,,Exact bank-quarter submission/publication dates not observed; FDIC later-vintage record,28209000,63000,883167000,48640000,834527000,438529000,852821000,63000000,45647000
2015-07-01,2015-09-30,92,12368_20150930,3.967391304347826,64106443000,63824661000,63965552000.0,"Arithmetic mean of prior/current quarter-end DEPIDOM, not reported RC-K daily/weekly average",0.0017136576003881916,0.001347826086956522,,,Exact bank-quarter submission/publication dates not observed; FDIC later-vintage record,27629000,68000,900744000,54041000,846703000,468345000,836729000,60000000,60188000
2015-10-01,2015-12-31,92,12368_20151231,3.967391304347826,63824661000,66572280000,65198470500.0,"Arithmetic mean of prior/current quarter-end DEPIDOM, not reported RC-K daily/weekly average",0.0016361613481608336,0.0016108695652173914,,,Exact bank-quarter submission/publication dates not observed; FDIC later-vintage record,26888000,65000,897793000,57810000,839983000,500377000,828003000,69000000,77606000
2016-01-01,2016-03-31,91,12368_20160331,4.010989010989011,66572280000,62757109000,64664694500.0,"Arithmetic mean of prior/current quarter-end DEPIDOM, not reported RC-K daily/weekly average",0.0017131994102827855,0.003597802197802198,,,Exact bank-quarter submission/publication dates not observed; FDIC later-vintage record,27620000,62000,929890000,60825000,869065000,491131000,831074000,113000000,68157000
2016-04-01,2016-06-30,91,12368_20160630,4.010989010989011,62757109000,62031060000,62394084500.0,"Arithmetic mean of prior/current quarter-end DEPIDOM, not reported RC-K daily/weekly average",0.0018164302978835357,0.0036934065934065936,,,Exact bank-quarter submission/publication dates not observed; FDIC later-vintage record,28256000,63000,919870000,60516000,859354000,478325000,837643000,72000000,71810000
2016-07-01,2016-09-30,92,12368_20160930,3.967391304347826,62031060000,62756653000,62393856500.0,"Arithmetic mean of prior/current quarter-end DEPIDOM, not reported RC-K daily/weekly average",0.0019515255724213672,0.003948913043478261,,,Exact bank-quarter submission/publication dates not observed; FDIC later-vintage record,30691000,96000,910888000,63038000,847850000,572010000,860127000,29000000,54040000
2016-10-01,2016-12-31,92,12368_20161231,3.967391304347826,62756653000,62829455000,62793054000.0,"Arithmetic mean of prior/current quarter-end DEPIDOM, not reported RC-K daily/weekly average",0.0019655923006748626,0.004481521739130434,,,Exact bank-quarter submission/publication dates not observed; FDIC later-vintage record,31110000,112000,927338000,62663000,864675000,497958000,833624000,48000000,83427000
2017-01-01,2017-03-31,90,12368_20170331,4.055555555555555,62829455000,62332066000,62580760500.0,"Arithmetic mean of prior/current quarter-end DEPIDOM, not reported RC-K daily/weekly average",0.0022375922105040925,0.006988888888888889,,,Exact bank-quarter submission/publication dates not observed; FDIC later-vintage record,34528000,84000,938887000,67887000,871000000,498340000,832293000,70000000,100059000
2017-04-01,2017-06-30,91,12368_20170630,4.010989010989011,62332066000,60928884000,61630475000.0,"Arithmetic mean of prior/current quarter-end DEPIDOM, not reported RC-K daily/weekly average",0.0024478363777225257,0.009473626373626374,,,Exact bank-quarter submission/publication dates not observed; FDIC later-vintage record,37612000,44000,965473000,71421000,894052000,503382000,856842000,48000000,68087000
2017-07-01,2017-09-30,92,12368_20170930,3.967391304347826,60928884000,60287963000,60608423500.0,"Arithmetic mean of prior/current quarter-end DEPIDOM, not reported RC-K daily/weekly average",0.0027542698998224086,0.011536956521739129,,,Exact bank-quarter submission/publication dates not observed; FDIC later-vintage record,42076000,25000,990964000,76128000,914836000,490072000,836148000,76000000,76081000
2017-10-01,2017-12-31,92,12368_20171231,3.967391304347826,60287963000,60765175000,60526569000.0,"Arithmetic mean of prior/current quarter-end DEPIDOM, not reported RC-K daily/weekly average",0.002765336068327714,0.01204673913043478,,,Exact bank-quarter submission/publication dates not observed; FDIC later-vintage record,42188000,1000,997473000,82052000,915421000,508414000,891368000,-44000000,62569000
2018-01-01,2018-03-31,90,12368_20180331,4.055555555555555,60765175000,60062867000,60414021000.0,"Arithmetic mean of prior/current quarter-end DEPIDOM, not reported RC-K daily/weekly average",0.00329779774503376,0.01447,,,Exact bank-quarter submission/publication dates not observed; FDIC later-vintage record,49126000,93000,1027193000,94187000,933006000,496302000,859290000,-10000000,83691000
2018-04-01,2018-06-30,91,12368_20180630,4.010989010989011,60062867000,59253146000,59658006500.0,"Arithmetic mean of prior/current quarter-end DEPIDOM, not reported RC-K daily/weekly average",0.003793019065160282,0.01736923076923077,,,Exact bank-quarter submission/publication dates not observed; FDIC later-vintage record,56416000,267000,1057086000,106487000,950599000,512700000,878528000,60000000,62823000
2018-07-01,2018-09-30,92,12368_20180930,3.967391304347826,59253146000,57950718000,58601932000.0,"Arithmetic mean of prior/current quarter-end DEPIDOM, not reported RC-K daily/weekly average",0.004350378718334525,0.019261956521739128,,,Exact bank-quarter submission/publication dates not observed; FDIC later-vintage record,64259000,532000,1095293000,124946000,970347000,506004000,888425000,84000000,81413000
2018-10-01,2018-12-31,92,12368_20181231,3.967391304347826,57950718000,59462506000,58706612000.0,"Arithmetic mean of prior/current quarter-end DEPIDOM, not reported RC-K daily/weekly average",0.005331181397865149,0.02220108695652174,,,Exact bank-quarter submission/publication dates not observed; FDIC later-vintage record,78887000,788000,1142032000,153319000,988713000,497355000,821955000,95000000,95498000
2019-01-01,2019-03-31,90,12368_20190331,4.055555555555555,59462506000,60970000000,60216253000.0,"Arithmetic mean of prior/current quarter-end DEPIDOM, not reported RC-K daily/weekly average",0.007206433858387775,0.024017777777777777,,,Exact bank-quarter submission/publication dates not observed; FDIC later-vintage record,107000000,1000000,1168000000,184000000,984000000,493000000,827000000,91000000,78000000
2019-04-01,2019-06-30,91,12368_20190630,4.010989010989011,60970000000,60318000000,60644000000.0,"Arithmetic mean of prior/current quarter-end DEPIDOM, not reported RC-K daily/weekly average",0.008002929726430814,0.023973626373626374,,,Exact bank-quarter submission/publication dates not observed; FDIC later-vintage record,121000000,4000000,1173000000,195000000,978000000,522000000,839000000,92000000,93000000
2019-07-01,2019-09-30,92,12368_20190930,3.967391304347826,60318000000,59970000000,60144000000.0,"Arithmetic mean of prior/current quarter-end DEPIDOM, not reported RC-K daily/weekly average",0.007519995489087061,0.02192173913043478,,,Exact bank-quarter submission/publication dates not observed; FDIC later-vintage record,114000000,3000000,1147000000,174000000,973000000,548000000,839000000,108000000,91000000
2019-10-01,2019-12-31,92,12368_20191231,3.967391304347826,59970000000,63387000000,61678500000.0,"Arithmetic mean of prior/current quarter-end DEPIDOM, not reported RC-K daily/weekly average",0.006303725736295256,0.016456521739130436,,,Exact bank-quarter submission/publication dates not observed; FDIC later-vintage record,98000000,0,1094000000,146000000,948000000,546000000,837000000,96000000,96000000
2020-01-01,2020-03-31,91,12368_20200331,4.010989010989011,63387000000,62922000000,63154500000.0,"Arithmetic mean of prior/current quarter-end DEPIDOM, not reported RC-K daily/weekly average",0.005334902135605174,0.012549450549450551,,,Exact bank-quarter submission/publication dates not observed; FDIC later-vintage record,84000000,0,1076000000,126000000,950000000,508000000,810000000,373000000,123000000
2020-04-01,2020-06-30,91,12368_20200630,4.010989010989011,62922000000,68840000000,65881000000.0,"Arithmetic mean of prior/current quarter-end DEPIDOM, not reported RC-K daily/weekly average",0.002496175672053391,0.0005879120879120879,,,Exact bank-quarter submission/publication dates not observed; FDIC later-vintage record,41000000,0,1060000000,68000000,992000000,530000000,878000000,882000000,182000000
2020-07-01,2020-09-30,92,12368_20200930,3.967391304347826,68840000000,68716000000,68778000000.0,"Arithmetic mean of prior/current quarter-end DEPIDOM, not reported RC-K daily/weekly average",0.0018458885361471754,0.0009260869565217391,,,Exact bank-quarter submission/publication dates not observed; FDIC later-vintage record,32000000,0,1058000000,47000000,1011000000,581000000,867000000,113000000,113000000
2020-10-01,2020-12-31,92,12368_20201231,3.967391304347826,68716000000,71215000000,69965500000.0,"Arithmetic mean of prior/current quarter-end DEPIDOM, not reported RC-K daily/weekly average",0.001304214219865505,0.0008880434782608695,,,Exact bank-quarter submission/publication dates not observed; FDIC later-vintage record,23000000,0,1059000000,34000000,1025000000,595000000,898000000,-38000000,94000000
2021-01-01,2021-03-31,90,12368_20210331,4.055555555555555,71215000000,73702000000,72458500000.0,"Arithmetic mean of prior/current quarter-end DEPIDOM, not reported RC-K daily/weekly average",0.0010634439790439432,0.000768888888888889,,,Exact bank-quarter submission/publication dates not observed; FDIC later-vintage record,19000000,0,1012000000,28000000,984000000,604000000,875000000,-142000000,83000000
2021-04-01,2021-06-30,91,12368_20210630,4.010989010989011,73702000000,75041000000,74371500000.0,"Arithmetic mean of prior/current quarter-end DEPIDOM, not reported RC-K daily/weekly average",0.0009168406336676441,0.0006824175824175824,,,Exact bank-quarter submission/publication dates not observed; FDIC later-vintage record,17000000,0,1005000000,26000000,979000000,585000000,865000000,-337000000,47000000
2021-07-01,2021-09-30,92,12368_20210930,3.967391304347826,75041000000,74919000000,74980000000.0,"Arithmetic mean of prior/current quarter-end DEPIDOM, not reported RC-K daily/weekly average",0.0007936899115126352,0.0009,,,Exact bank-quarter submission/publication dates not observed; FDIC later-vintage record,15000000,0,1004000000,23000000,981000000,598000000,873000000,-155000000,30000000
2021-10-01,2021-12-31,92,12368_20211231,3.967391304347826,74919000000,80728000000,77823500000.0,"Arithmetic mean of prior/current quarter-end DEPIDOM, not reported RC-K daily/weekly average",0.000662731526550743,0.0007945652173913043,,,Exact bank-quarter submission/publication dates not observed; FDIC later-vintage record,13000000,0,1058000000,22000000,1036000000,576000000,935000000,110000000,44000000
2022-01-01,2022-03-31,90,12368_20220331,4.055555555555555,80728000000,81457000000,81092500000.0,"Arithmetic mean of prior/current quarter-end DEPIDOM, not reported RC-K daily/weekly average",0.0006501491780648298,0.0012144444444444446,,,Exact bank-quarter submission/publication dates not observed; FDIC later-vintage record,13000000,0,1052000000,21000000,1031000000,586000000,891000000,-36000000,46000000
2022-04-01,2022-06-30,91,12368_20220630,4.010989010989011,81457000000,79778000000,80617500000.0,"Arithmetic mean of prior/current quarter-end DEPIDOM, not reported RC-K daily/weekly average",0.0009950665825630939,0.0076681318681318675,,,Exact bank-quarter submission/publication dates not observed; FDIC later-vintage record,20000000,0,1153000000,28000000,1125000000,635000000,918000000,60000000,38000000
2022-07-01,2022-09-30,92,12368_20220930,3.967391304347826,79778000000,80407000000,80092500000.0,"Arithmetic mean of prior/current quarter-end DEPIDOM, not reported RC-K daily/weekly average",0.002427220699978693,0.021829347826086958,,,Exact bank-quarter submission/publication dates not observed; FDIC later-vintage record,49000000,0,1342000000,59000000,1283000000,588000000,1115000000,135000000,110000000
2022-10-01,2022-12-31,92,12368_20221231,3.967391304347826,80407000000,80421000000,80414000000.0,"Arithmetic mean of prior/current quarter-end DEPIDOM, not reported RC-K daily/weekly average",0.005673763275051608,0.03653369565217391,,,Exact bank-quarter submission/publication dates not observed; FDIC later-vintage record,115000000,0,1550000000,123000000,1427000000,572000000,963000000,112000000,69000000
2023-01-01,2023-03-31,90,12368_20230331,4.055555555555555,80421000000,78852000000,79636500000.0,"Arithmetic mean of prior/current quarter-end DEPIDOM, not reported RC-K daily/weekly average",0.009166650970346512,0.04514555555555556,,,Exact bank-quarter submission/publication dates not observed; FDIC later-vintage record,180000000,0,1640000000,193000000,1447000000,503000000,990000000,135000000,83000000
2023-04-01,2023-06-30,91,12368_20230630,4.010989010989011,78852000000,80086000000,79469000000.0,"Arithmetic mean of prior/current quarter-end DEPIDOM, not reported RC-K daily/weekly average",0.01312281698344188,0.04988131868131868,,,Exact bank-quarter submission/publication dates not observed; FDIC later-vintage record,260000000,0,1736000000,325000000,1411000000,560000000,1065000000,118000000,81000000
2023-07-01,2023-09-30,92,12368_20230930,3.967391304347826,80086000000,81583000000,80834500000.0,"Arithmetic mean of prior/current quarter-end DEPIDOM, not reported RC-K daily/weekly average",0.017963434144966622,0.05259239130434783,,,Exact bank-quarter submission/publication dates not observed; FDIC later-vintage record,366000000,0,1762000000,441000000,1321000000,544000000,1044000000,145000000,101000000
2023-10-01,2023-12-31,92,12368_20231231,3.967391304347826,81583000000,85445000000,83514000000.0,"Arithmetic mean of prior/current quarter-end DEPIDOM, not reported RC-K daily/weekly average",0.021377566479351028,0.0533,,,Exact bank-quarter submission/publication dates not observed; FDIC later-vintage record,450000000,0,1748000000,485000000,1263000000,549000000,1139000000,155000000,132000000
2024-01-01,2024-03-31,91,12368_20240331,4.010989010989011,85445000000,87183000000,86314000000.0,"Arithmetic mean of prior/current quarter-end DEPIDOM, not reported RC-K daily/weekly average",0.0230025205695433,0.0533,,,Exact bank-quarter submission/publication dates not observed; FDIC later-vintage record,495000000,0,1720000000,505000000,1215000000,563000000,1070000000,152000000,121000000
2024-04-01,2024-06-30,91,12368_20240630,4.010989010989011,87183000000,85715000000,86449000000.0,"Arithmetic mean of prior/current quarter-end DEPIDOM, not reported RC-K daily/weekly average",0.023337776868760454,0.0533,,,Exact bank-quarter submission/publication dates not observed; FDIC later-vintage record,503000000,0,1759000000,541000000,1218000000,570000000,952000000,102000000,101000000
2024-07-01,2024-09-30,92,12368_20240930,3.967391304347826,85715000000,88515000000,87115000000.0,"Arithmetic mean of prior/current quarter-end DEPIDOM, not reported RC-K daily/weekly average",0.023135335850412626,0.05264782608695653,,,Exact bank-quarter submission/publication dates not observed; FDIC later-vintage record,508000000,0,1815000000,567000000,1248000000,595000000,1006000000,113000000,117000000
2024-10-01,2024-12-31,92,12368_20241231,3.967391304347826,88515000000,90920000000,89717500000.0,"Arithmetic mean of prior/current quarter-end DEPIDOM, not reported RC-K daily/weekly average",0.02069539532905824,0.04647934782608696,,,Exact bank-quarter submission/publication dates not observed; FDIC later-vintage record,468000000,0,1799000000,541000000,1258000000,590000000,998000000,120000000,119000000
2025-01-01,2025-03-31,90,12368_20250331,4.055555555555555,90920000000,92463000000,91691500000.0,"Arithmetic mean of prior/current quarter-end DEPIDOM, not reported RC-K daily/weekly average",0.019638316165257047,0.0433,,,Exact bank-quarter submission/publication dates not observed; FDIC later-vintage record,444000000,0,1721000000,502000000,1219000000,593000000,1000000000,124000000,123000000
2025-04-01,2025-06-30,91,12368_20250630,4.010989010989011,92463000000,91715000000,92089000000.0,"Arithmetic mean of prior/current quarter-end DEPIDOM, not reported RC-K daily/weekly average",0.019512895969367425,0.0433,,,Exact bank-quarter submission/publication dates not observed; FDIC later-vintage record,448000000,0,1780000000,503000000,1277000000,601000000,1017000000,126000000,113000000
2025-07-01,2025-09-30,92,12368_20250930,3.967391304347826,91715000000,91636000000,91675500000.0,"Arithmetic mean of prior/current quarter-end DEPIDOM, not reported RC-K daily/weekly average",0.019734066733016004,0.042956521739130435,,,Exact bank-quarter submission/publication dates not observed; FDIC later-vintage record,456000000,0,1792000000,522000000,1270000000,633000000,1048000000,105000000,135000000
2025-10-01,2025-12-31,92,12368_20251231,3.967391304347826,91636000000,92352000000,91994000000.0,"Arithmetic mean of prior/current quarter-end DEPIDOM, not reported RC-K daily/weekly average",0.018199438337660963,0.03895217391304348,,,Exact bank-quarter submission/publication dates not observed; FDIC later-vintage record,422000000,0,1764000000,471000000,1293000000,614000000,1101000000,115000000,142000000
