scenario_id,month,opening_cash_usd,prefunding_usd,cash_usd,securities_usd,loans_usd,deposits_usd,wholesale_funding_usd,equity_usd,interest_income_usd,interest_expense_usd,nii_usd,asset_sales_usd,sale_pnl_usd,accounting_residual_usd,securities_sale_book_usd,securities_sale_price_ratio,new_borrowing_usd,loan_principal_usd,security_principal_usd,requested_withdrawal_usd,settled_withdrawal_usd,cumulative_requested_withdrawals_usd,cumulative_settled_withdrawals_usd,cumulative_unfunded_withdrawals_usd,unmet_cash_floor_usd,deposit_interest_rate,cash_interest_income_usd,deposit_interest_expense_usd,funding_interest_expense_usd,cash_rollforward_residual_usd,deposit_conservation_residual_usd,derivative_value_usd,posted_initial_margin_usd,posted_variation_margin_usd,received_collateral_cash_usd,collateral_return_liability_usd,payment_payable_usd,initial_margin_required_usd,variation_margin_required_usd,unfunded_margin_usd,swap_net_coupon_usd,swap_mtm_pnl_usd,swap_closeout_cashflow_usd,collateral_interest_usd,received_collateral_interest_income_usd,received_collateral_interest_expense_usd,transaction_fee_usd,collateral_posted_flow_usd,collateral_released_flow_usd,payments_settled_usd,payment_obligations_incurred_usd,equity_change_usd,equity_rollforward_residual_usd,hedge_adjusted_interest_earnings_usd,collateral_required_usd,collateral_posted_usd,swap_payment_date,swap_accrual_fraction,swap_fixed_payment_usd,swap_floating_receipt_usd,swap_collateral_rate,swap_discount_factor_from_open,operating_expense_usd,credit_loss_usd,pledged_principal_cash_flow_usd,pledged_cash_usd,securities_inventory_residual_usd,loans_inventory_residual_usd
baseline,0,11845000000.0,0.0,11845000000.0,33894000000.0,94567000000.0,131987000000.0,3915000000.0,18131000000.0,0.0,0.0,0.0,0.0,0.0,0.0,0.0,1.0,0.0,0.0,0.0,0.0,0.0,0.0,0.0,0.0,0.0,0.018199438337660963,0.0,0.0,0.0,0.0,0.0,0.0,0.0,0.0,0.0,0.0,0.0,0.0,-0.0,0.0,0.0,0.0,0.0,0.0,0.0,0.0,0.0,0.0,0.0,0.0,0.0,0.0,0.0,0.0,0.0,0.0,2025-12-31,0.0,0.0,0.0,0.0,1.0,0.0,0.0,0.0,0.0,0.0,1.52587890625e-05
baseline,1,11845000000.0,0.0,19037832674.334816,33630258536.283615,87722192286.55707,131987000000.0,3915000000.0,18215283497.1755,629270541.2888048,155070377.4466388,474200163.84216595,0.0,0.0,0.0,0.0,1.0,0.0,6802057713.442932,263741463.7163845,0.0,0.0,0.0,0.0,0.0,0.0,0.018199438337660963,21547124.29373942,140062877.4466388,15007500.0,0.0,0.0,0.0,0.0,0.0,0.0,0.0,0.0,0.0,-0.0,0.0,0.0,0.0,0.0,0.0,0.0,0.0,0.0,0.0,0.0,502237044.11330545,502237044.11330545,84283497.17549926,-2.980232238769531e-07,474200163.84216595,0.0,0.0,2026-01-31,0.08493150684931507,0.0,0.0,0.03682198310023924,0.9968824032952903,347166666.6666667,42750000.0,0.0,0.0,0.0,1.52587890625e-05
baseline,2,19037832674.334816,0.0,26354617777.500404,33131674263.33694,80969373999.25061,131987000000.0,3915000000.0,18280666040.087955,607275320.2122903,155070377.4466388,452204942.76565146,0.0,0.0,0.0,0.0,1.0,0.0,6713162554.119929,498584272.9466737,0.0,0.0,0.0,0.0,0.0,0.0,0.018199438337660963,34631536.253043965,140062877.4466388,15007500.0,-3.814697265625e-06,0.0,0.0,0.0,0.0,0.0,0.0,0.0,0.0,-0.0,0.0,0.0,0.0,0.0,0.0,0.0,0.0,0.0,0.0,0.0,502237044.11330545,502237044.11330545,65382542.912457615,-1.1026859283447266e-06,452204942.76565146,0.0,0.0,2026-02-28,0.07671232876712329,0.0,0.0,0.036384831224169314,0.9941076845856345,347166666.6666667,39655733.18652716,0.0,0.0,0.0,1.52587890625e-05
baseline,3,26354617777.500404,0.0,28380824643.849293,32876041273.618668,79245234323.05663,131987000000.0,3915000000.0,18327100240.52458,585274295.7037971,155070377.4466388,430203918.2571583,0.0,0.0,3.0517578125e-05,0.0,1.0,0.0,1687536625.0401201,255632989.71827507,0.0,0.0,0.0,0.0,0.0,0.0,0.018199438337660963,47941428.87005451,140062877.4466388,15007500.0,3.814697265625e-06,0.0,0.0,0.0,0.0,0.0,0.0,0.0,0.0,-0.0,0.0,0.0,0.0,0.0,0.0,0.0,0.0,0.0,0.0,0.0,502237044.11330545,502237044.11330545,46434200.43662224,3.7997961044311523e-07,430203918.2571583,0.0,0.0,2026-03-31,0.08493150684931507,0.0,0.0,0.03595856710894169,0.9910809083392231,347166666.6666667,36603051.15386935,0.0,0.0,0.0,1.52587890625e-05
baseline,4,28380824643.849293,0.0,30386728166.026443,32622178384.53362,77533805121.4376,131987000000.0,3915000000.0,18367711671.99767,578672111.3928697,155070377.4466388,423601733.9462309,0.0,0.0,0.0,0.0,1.0,0.0,1675605565.8125384,253862889.0850496,0.0,0.0,0.0,0.0,0.0,0.0,0.018199438337660963,51627282.07343549,140062877.4466388,15007500.0,0.0,0.0,0.0,0.0,0.0,0.0,0.0,0.0,0.0,-0.0,0.0,0.0,0.0,0.0,0.0,0.0,0.0,0.0,0.0,0.0,502237044.11330545,502237044.11330545,40611431.473091856,-7.301568984985352e-07,423601733.9462309,0.0,0.0,2026-04-30,0.0821917808219178,0.0,0.0,0.035670449926334134,0.9881837336770196,347166666.6666667,35823635.806472346,0.0,0.0,3.814697265625e-06,0.0
baseline,5,30386728166.026443,0.0,32372467160.900505,32370073339.22772,75834992677.05869,131987000000.0,3915000000.0,18402533177.186905,572108515.6643975,155070377.4466388,417038138.21775866,0.0,0.0,0.0,0.0,1.0,0.0,1663762478.0170674,252105045.30589917,0.0,0.0,0.0,0.0,0.0,0.0,0.018199438337660963,55276201.66090707,140062877.4466388,15007500.0,0.0,0.0,0.0,0.0,0.0,0.0,0.0,0.0,0.0,-0.0,0.0,0.0,0.0,0.0,0.0,0.0,0.0,0.0,0.0,0.0,502237044.11330545,502237044.11330545,34821505.18923786,-2.175569534301758e-06,417038138.21775866,0.0,0.0,2026-05-31,0.08493150684931507,0.0,0.0,0.035315936287571445,0.9852286038450617,347166666.6666667,35049966.361854106,0.0,0.0,0.0,1.52587890625e-05
baseline,6,32372467160.900505,0.0,34338179409.81743,32119713965.71804,74148703963.59175,131987000000.0,3915000000.0,18431597339.12722,565583206.5077353,155070377.4466388,410512829.06109643,0.0,0.0,0.0,0.0,1.0,0.0,1652006713.0128179,250359373.50967637,0.0,0.0,0.0,0.0,0.0,0.0,0.018199438337660963,58888440.15288483,140062877.4466388,15007500.0,0.0,0.0,0.0,0.0,0.0,0.0,0.0,0.0,0.0,-0.0,0.0,0.0,0.0,0.0,0.0,0.0,0.0,0.0,0.0,0.0,502237044.11330545,502237044.11330545,29064161.940315112,1.341104507446289e-07,410512829.06109643,0.0,0.0,2026-06-30,0.0821917808219178,0.0,0.0,0.0349528048337154,0.9824063142967584,347166666.6666667,34282000.45411463,0.0,0.0,0.0,1.52587890625e-05
baseline,7,34338179409.81743,0.0,36284001666.15978,31871088176.305126,72474846640.6205,131987000000.0,3915000000.0,18454936483.085396,559095884.1012112,155070377.4466388,404025506.65457237,0.0,0.0,0.0,0.0,1.0,0.0,1640337626.9415329,248625789.41291404,0.0,0.0,0.0,0.0,0.0,0.0,0.018199438337660963,62464248.18607512,140062877.4466388,15007500.0,0.0,0.0,0.0,0.0,0.0,0.0,0.0,0.0,0.0,-0.0,0.0,0.0,0.0,0.0,0.0,0.0,0.0,0.0,0.0,0.0,502237044.11330545,502237044.11330545,23339143.958174936,7.227063179016113e-07,404025506.65457237,0.0,0.0,2026-07-31,0.08493150684931507,0.0,0.0,0.03500852817170357,0.979493958414697,347166666.6666667,33519696.029730745,0.0,0.0,0.0,1.52587890625e-05
baseline,8,36284001666.15978,0.0,38479287014.77432,31340500297.828667,70827795365.81982,131987000000.0,3915000000.0,18472582678.422794,552646250.7959595,155070377.4466388,397575873.34932065,0.0,0.0,3.0517578125e-05,0.0,1.0,0.0,1614288263.4554236,530587878.4764593,0.0,0.0,0.0,0.0,0.0,0.0,0.018199438337660963,66003874.52722608,140062877.4466388,15007500.0,7.62939453125e-06,0.0,0.0,0.0,0.0,0.0,0.0,0.0,0.0,-0.0,0.0,0.0,0.0,0.0,0.0,0.0,0.0,0.0,0.0,0.0,502237044.11330545,502237044.11330545,17646195.337401118,-2.5890767574310303e-06,397575873.34932065,0.0,0.0,2026-08-31,0.08493150684931507,0.0,0.0,0.034786882258930195,0.9766085661316951,347166666.6666667,32763011.345252845,0.0,0.0,0.0,1.52587890625e-05
baseline,9,38479287014.77432,0.0,40310819649.927155,31099099301.81838,69249374489.54707,131987000000.0,3915000000.0,18484293441.292576,545966251.5979004,155070377.4466388,390895874.15126157,0.0,0.0,3.0517578125e-05,0.0,1.0,0.0,1546402431.6579502,241400996.01028898,0.0,0.0,0.0,0.0,0.0,0.0,0.018199438337660963,69997296.75321363,140062877.4466388,15007500.0,-7.62939453125e-06,0.0,0.0,0.0,0.0,0.0,0.0,0.0,0.0,-0.0,0.0,0.0,0.0,0.0,0.0,0.0,0.0,0.0,0.0,0.0,502237044.11330545,502237044.11330545,11710762.86978425,-2.7567148208618164e-06,390895874.15126157,0.0,0.0,2026-09-30,0.0821917808219178,0.0,0.0,0.03454943520949091,0.9738431635604372,347166666.6666667,32018444.61481063,0.0,0.0,0.0,3.0517578125e-05
baseline,10,40310819649.927155,0.0,42123600302.06518,30859369858.671318,67682589663.367714,131987000000.0,3915000000.0,18490559824.10417,539808329.8976948,155070377.4466388,384737952.451056,0.0,0.0,3.0517578125e-05,0.0,1.0,0.0,1535479923.2065694,239729443.14706117,0.0,0.0,0.0,0.0,0.0,0.0,0.018199438337660963,73329019.95605688,140062877.4466388,15007500.0,0.0,0.0,0.0,0.0,0.0,0.0,0.0,0.0,0.0,-0.0,0.0,0.0,0.0,0.0,0.0,0.0,0.0,0.0,0.0,0.0,502237044.11330545,502237044.11330545,6266382.811596099,-1.825392246246338e-07,384737952.451056,0.0,0.0,2026-10-31,0.08493150684931507,0.0,0.0,0.03431526019169983,0.971013197297533,347166666.6666667,31304902.972793218,0.0,0.0,0.0,3.0517578125e-05
baseline,11,42123600302.06518,0.0,43917756623.21677,30621300393.915874,66127355092.01205,131987000000.0,3915000000.0,18491412109.144657,533685950.6825347,155070377.4466388,378615573.2358959,0.0,0.0,3.0517578125e-05,0.0,1.0,0.0,1524637949.8269186,238069464.75544176,0.0,0.0,0.0,0.0,0.0,0.0,0.018199438337660963,76626631.6089825,140062877.4466388,15007500.0,0.0,0.0,0.0,0.0,0.0,0.0,0.0,0.0,0.0,-0.0,0.0,0.0,0.0,0.0,0.0,0.0,0.0,0.0,0.0,0.0,502237044.11330545,502237044.11330545,852285.0404827036,2.678483724594116e-06,378615573.2358959,0.0,0.0,2026-11-30,0.0821917808219178,0.0,0.0,0.03407786683190006,0.9683010629405951,347166666.6666667,30596621.528746482,0.0,0.0,-3.814697265625e-06,3.0517578125e-05
baseline,12,43917756623.21677,0.0,45693415312.27223,30384879413.226513,64583585612.805305,131987000000.0,3915000000.0,18486880338.30402,527598834.77069056,155070377.4466388,372528457.32405174,0.0,0.0,3.0517578125e-05,0.0,1.0,0.0,1513875917.7087204,236420980.68936065,0.0,0.0,0.0,0.0,0.0,0.0,0.018199438337660963,79890363.92255376,140062877.4466388,15007500.0,0.0,0.0,0.0,0.0,0.0,0.0,0.0,0.0,0.0,0.0,0.0,0.0,0.0,0.0,0.0,0.0,0.0,0.0,0.0,0.0,502237044.11330545,502237044.11330545,-4531770.8406376615,4.544854164123535e-07,372528457.32405174,0.0,0.0,2026-12-31,0.08493150684931507,0.0,0.0,0.03384365695991532,0.9655257626567136,347166666.6666667,29893561.498022713,0.0,0.0,-3.814697265625e-06,3.0517578125e-05
parallel_up,0,11845000000.0,0.0,11845000000.0,33894000000.0,94567000000.0,131987000000.0,3915000000.0,18131000000.0,0.0,0.0,0.0,0.0,0.0,0.0,0.0,1.0,0.0,0.0,0.0,0.0,0.0,0.0,0.0,0.0,0.0,0.018199438337660963,0.0,0.0,0.0,0.0,0.0,0.0,0.0,0.0,0.0,0.0,0.0,0.0,-0.0,0.0,0.0,0.0,0.0,0.0,0.0,0.0,0.0,0.0,0.0,0.0,0.0,0.0,0.0,0.0,0.0,0.0,2025-12-31,0.0,0.0,0.0,0.0,1.0,0.0,0.0,0.0,0.0,0.0,1.52587890625e-05
parallel_up,1,11845000000.0,0.0,18876167762.831936,33663344996.14019,87856995755.61502,131987000000.0,3915000000.0,18221508514.587147,642096572.5592288,161671391.30541494,480425181.25381386,0.0,0.0,0.0,0.0,1.0,0.0,6667254244.384976,230655003.8598093,0.0,0.0,0.0,0.0,0.0,0.0,0.018199438337660963,34373155.56416348,140062877.4466388,21608513.858776156,0.0,0.0,0.0,0.0,0.0,0.0,0.0,0.0,0.0,-0.0,0.0,0.0,0.0,0.0,0.0,0.0,0.0,0.0,0.0,0.0,508838057.97208166,508838057.97208166,90508514.58714718,-4.172325134277344e-07,480425181.25381386,0.0,0.0,2026-01-31,0.08493150684931507,0.0,0.0,0.05690157910584807,0.9951905061625596,347166666.6666667,42750000.0,0.0,0.0,0.0,1.52587890625e-05
parallel_up,2,18876167762.831936,0.0,26058940589.7068,33197256472.304432,81220012377.9131,131987000000.0,3915000000.0,18301209439.924335,628255655.8118627,161671391.30541494,466584264.5064478,0.0,0.0,-3.0517578125e-05,0.0,1.0,0.0,6597266705.199321,466088523.8357585,0.0,0.0,0.0,0.0,0.0,0.0,0.018199438337660963,54776990.37290586,140062877.4466388,21608513.858776156,0.0,0.0,0.0,0.0,0.0,0.0,0.0,0.0,0.0,-0.0,0.0,0.0,0.0,0.0,0.0,0.0,0.0,0.0,0.0,0.0,508838057.97208166,508838057.97208166,79700925.33718991,-1.1920928955078125e-06,466584264.5064478,0.0,0.0,2026-02-28,0.07671232876712329,0.0,0.0,0.05645604768727223,0.9908990463630721,347166666.6666667,39716672.5025912,0.0,0.0,0.0,0.0
parallel_up,3,26058940589.7068,0.0,27941177685.989536,32973555153.212055,79616085081.81839,131987000000.0,3915000000.0,18355817921.019985,678019449.7147067,239527947.10180005,438491502.6129066,0.0,0.0,0.0,0.0,1.0,0.0,1567210941.2441182,223701319.09237844,0.0,0.0,0.0,0.0,0.0,0.0,0.028315934672950092,75620769.83767717,217919433.2430239,21608513.858776156,3.814697265625e-06,0.0,0.0,0.0,0.0,0.0,0.0,0.0,0.0,-0.0,0.0,0.0,0.0,0.0,0.0,0.0,0.0,0.0,0.0,0.0,586694613.7684667,586694613.7684667,54608481.09564946,2.60770320892334e-07,438491502.6129066,0.0,0.0,2026-03-31,0.08493150684931507,0.0,0.0,0.05603669524379794,0.9862054176901804,347166666.6666667,36716354.85059043,0.0,0.0,3.814697265625e-06,0.0
parallel_up,4,27941177685.989536,0.0,29808035272.26118,32751058751.950226,78021516483.2945,131987000000.0,3915000000.0,18405610507.505905,672478483.0194895,239527947.10180005,432950535.91768944,0.0,0.0,0.0,0.0,1.0,0.0,1558577315.7587934,222496401.26183033,0.0,0.0,0.0,0.0,0.0,0.0,0.028315934672950092,81082857.51341932,217919433.2430239,21608513.858776156,0.0,0.0,0.0,0.0,0.0,0.0,0.0,0.0,0.0,-0.0,0.0,0.0,0.0,0.0,0.0,0.0,0.0,0.0,0.0,0.0,586694613.7684667,586694613.7684667,49792586.48591721,2.7418136596679688e-06,432950535.91768944,0.0,0.0,2026-04-30,0.0821917808219178,0.0,0.0,0.05574558187024574,0.981707402590149,347166666.6666667,35991282.765105546,0.0,0.0,3.814697265625e-06,0.0
parallel_up,5,29808035272.26118,0.0,31659589512.969566,32529760778.494728,76436251966.62605,131987000000.0,3915000000.0,18450602258.090355,666956805.7295175,239527947.10180005,427428858.6277174,0.0,0.0,-3.0517578125e-05,0.0,1.0,0.0,1549994075.2918332,221297973.45549965,0.0,0.0,0.0,0.0,0.0,0.0,0.028315934672950092,86500315.19421746,217919433.2430239,21608513.858776156,3.814697265625e-06,0.0,0.0,0.0,0.0,0.0,0.0,0.0,0.0,-0.0,0.0,0.0,0.0,0.0,0.0,0.0,0.0,0.0,0.0,0.0,586694613.7684667,586694613.7684667,44991750.58445167,-1.8998980522155762e-06,427428858.6277174,0.0,0.0,2026-05-31,0.08493150684931507,0.0,0.0,0.05539297190271407,0.9771104802484347,347166666.6666667,35270441.37659902,0.0,0.0,3.814697265625e-06,0.0
parallel_up,6,31659589512.969566,0.0,33495916093.1385,32309654777.778427,74860237234.82953,131987000000.0,3915000000.0,18490808105.746468,661454267.4200447,239527947.10180005,421926320.3182446,0.0,0.0,0.0,0.0,1.0,0.0,1541460925.801056,220106000.71630195,0.0,0.0,0.0,0.0,0.0,0.0,0.028315934672950092,91873363.90264769,217919433.2430239,21608513.858776156,0.0,0.0,0.0,0.0,0.0,0.0,0.0,0.0,0.0,-0.0,0.0,0.0,0.0,0.0,0.0,0.0,0.0,0.0,0.0,0.0,586694613.7684667,586694613.7684667,40205847.65611156,1.1101365089416504e-06,421926320.3182446,0.0,0.0,2026-06-30,0.0821917808219178,0.0,0.0,0.055026756116923425,0.9727111537201085,347166666.6666667,34553805.99546633,0.0,0.0,3.814697265625e-06,0.0
parallel_up,7,33495916093.1385,0.0,35317090221.04006,32090734329.502987,73293418307.79306,131987000000.0,3915000000.0,18526242858.336113,655970718.4342992,239527947.10180005,416442771.33249915,0.0,0.0,0.0,0.0,1.0,0.0,1532977574.9602816,218920448.27544138,0.0,0.0,0.0,0.0,0.0,0.0,0.028315934672950092,97202223.27003942,217919433.2430239,21608513.858776156,0.0,0.0,0.0,0.0,0.0,0.0,0.0,0.0,0.0,-0.0,0.0,0.0,0.0,0.0,0.0,0.0,0.0,0.0,0.0,0.0,586694613.7684667,586694613.7684667,35434752.589643486,1.8998980522155762e-06,416442771.33249915,0.0,0.0,2026-07-31,0.08493150684931507,0.0,0.0,0.05508504117041695,0.9681815593290443,347166666.6666667,33841352.076188974,0.0,0.0,3.814697265625e-06,0.0
parallel_up,8,35317090221.04006,0.0,37395434220.57369,31589154573.63202,71747332405.02412,131987000000.0,3915000000.0,18556921199.229836,650506009.8786812,239527947.10180005,410978062.7768811,0.0,0.0,3.0517578125e-05,0.0,1.0,0.0,1512952847.552441,501579755.87096894,0.0,0.0,0.0,0.0,0.0,0.0,0.028315934672950092,102487111.54423022,217919433.2430239,21608513.858776156,-7.62939453125e-06,0.0,0.0,0.0,0.0,0.0,0.0,0.0,0.0,-0.0,0.0,0.0,0.0,0.0,0.0,0.0,0.0,0.0,0.0,0.0,586694613.7684667,586694613.7684667,30678340.893720776,1.7583370208740234e-06,410978062.7768811,0.0,0.0,2026-08-31,0.08493150684931507,0.0,0.0,0.05486301844327219,0.9636911451995819,347166666.6666667,33133055.216493636,0.0,0.0,7.62939453125e-06,-1.52587890625e-05
parallel_up,9,37395434220.57369,0.0,39113911117.022194,31376387480.42973,70269741291.87177,131987000000.0,3915000000.0,18585039889.32368,647247434.7992655,239527947.10180005,407719487.6974654,0.0,0.0,0.0,0.0,1.0,0.0,1445156982.2154136,212767093.20228806,0.0,0.0,0.0,0.0,0.0,0.0,0.028315934672950092,108518284.32699215,217919433.2430239,21608513.858776156,0.0,0.0,0.0,0.0,0.0,0.0,0.0,0.0,0.0,-0.0,0.0,0.0,0.0,0.0,0.0,0.0,0.0,0.0,0.0,0.0,586694613.7684667,586694613.7684667,28118690.093846288,-9.201467037200928e-07,407719487.6974654,0.0,0.0,2026-09-30,0.0821917808219178,0.0,0.0,0.054622722874054085,0.9593839536518989,347166666.6666667,32434130.936952446,0.0,0.0,7.62939453125e-06,0.0
parallel_up,10,39113911117.022194,0.0,40817949679.24884,31164766410.26116,68800771594.84915,131987000000.0,3915000000.0,18608487684.35915,641908579.2463465,239527947.10180005,402380632.1445464,0.0,0.0,0.0,0.0,1.0,0.0,1437203526.580194,211621070.1685685,0.0,0.0,0.0,0.0,0.0,0.0,0.028315934672950092,113505154.20415933,217919433.2430239,21608513.858776156,0.0,0.0,0.0,0.0,0.0,0.0,0.0,0.0,0.0,-0.0,0.0,0.0,0.0,0.0,0.0,0.0,0.0,0.0,0.0,0.0,586694613.7684667,586694613.7684667,23447795.03546831,7.450580596923828e-07,402380632.1445464,0.0,0.0,2026-10-31,0.08493150684931507,0.0,0.0,0.05439059458380549,0.9549724819962403,347166666.6666667,31766170.442411393,0.0,0.0,7.62939453125e-06,-1.52587890625e-05
parallel_up,11,40817949679.24884,0.0,42507620577.73908,30954285190.32593,67340373000.94338,131987000000.0,3915000000.0,18627278769.008396,636587805.7667849,239527947.10180005,397059858.6649848,0.0,0.0,0.0,0.0,1.0,0.0,1429296486.5566921,210481219.93522912,0.0,0.0,0.0,0.0,0.0,0.0,0.028315934672950092,118450125.29632904,217919433.2430239,21608513.858776156,0.0,0.0,0.0,0.0,0.0,0.0,0.0,0.0,0.0,-0.0,0.0,0.0,0.0,0.0,0.0,0.0,0.0,0.0,0.0,0.0,586694613.7684667,586694613.7684667,18791084.64924497,1.2442469596862793e-06,397059858.6649848,0.0,0.0,2026-11-30,0.0821917808219178,0.0,0.0,0.054150378678084775,0.9507410037460241,347166666.6666667,31102107.349073164,0.0,0.0,3.814697265625e-06,-1.52587890625e-05
parallel_up,12,42507620577.73908,0.0,44182994035.39311,30744937681.07209,65888495490.76316,131987000000.0,3915000000.0,18641427207.22836,631284970.9008462,239527947.10180005,391757023.79904616,0.0,0.0,0.0,0.0,1.0,0.0,1421435591.2678065,209347509.25384176,0.0,0.0,0.0,0.0,0.0,0.0,0.028315934672950092,123353402.68307829,217919433.2430239,21608513.858776156,-7.62939453125e-06,0.0,0.0,0.0,0.0,0.0,0.0,0.0,0.0,0.0,0.0,0.0,0.0,0.0,0.0,0.0,0.0,0.0,0.0,0.0,586694613.7684667,586694613.7684667,14148438.219964672,-1.5981495380401611e-06,391757023.79904616,0.0,0.0,2026-12-31,0.08493150684931507,0.0,0.0,0.053918189591800544,0.9464070715996038,347166666.6666667,30441918.9124148,0.0,0.0,3.814697265625e-06,-1.52587890625e-05
parallel_down,0,11845000000.0,0.0,11845000000.0,33894000000.0,94567000000.0,131987000000.0,3915000000.0,18131000000.0,0.0,0.0,0.0,0.0,0.0,0.0,0.0,1.0,0.0,0.0,0.0,0.0,0.0,0.0,0.0,0.0,0.0,0.018199438337660963,0.0,0.0,0.0,0.0,0.0,0.0,0.0,0.0,0.0,0.0,0.0,0.0,-0.0,0.0,0.0,0.0,0.0,0.0,0.0,0.0,0.0,0.0,0.0,0.0,0.0,0.0,0.0,0.0,0.0,0.0,2025-12-31,0.0,0.0,0.0,0.0,1.0,0.0,0.0,0.0,0.0,0.0,1.52587890625e-05
parallel_down,1,11845000000.0,0.0,19248660851.665184,33587489475.552483,87547939199.95006,131987000000.0,3915000000.0,18209089527.167717,616508480.1162173,148502286.28183267,468006193.83438456,0.0,0.0,0.0,0.0,1.0,0.0,6976310800.049946,306510524.4475183,0.0,0.0,0.0,0.0,0.0,0.0,0.018199438337660963,8785063.121151887,140062877.4466388,8439408.835193874,3.814697265625e-06,0.0,0.0,0.0,0.0,0.0,0.0,0.0,0.0,-0.0,0.0,0.0,0.0,0.0,0.0,0.0,0.0,0.0,0.0,0.0,495668952.9484993,495668952.9484993,78089527.16771787,-8.940696716308594e-07,468006193.83438456,0.0,0.0,2026-01-31,0.08493150684931507,0.0,0.0,0.01677646594966462,0.998577176777715,347166666.6666667,42750000.0,0.0,0.0,0.0,1.52587890625e-05
parallel_down,2,19248660851.665184,0.0,26741667563.047684,33047050507.47468,80645966246.67412,131987000000.0,3915000000.0,18259684317.196472,585840703.2360941,148502286.28183267,437338416.9542614,0.0,0.0,0.0,0.0,1.0,0.0,6862395993.017102,540438968.0778009,0.0,0.0,0.0,0.0,0.0,0.0,0.018199438337660963,14276124.996160733,140062877.4466388,8439408.835193874,0.0,0.0,0.0,0.0,0.0,0.0,0.0,0.0,0.0,-0.0,0.0,0.0,0.0,0.0,0.0,0.0,0.0,0.0,0.0,0.0,495668952.9484993,495668952.9484993,50594790.02875323,1.959502696990967e-06,437338416.9542614,0.0,0.0,2026-02-28,0.07671232876712329,0.0,0.0,0.016344385345319623,0.9973267127255968,347166666.6666667,39576960.25884151,0.0,0.0,3.814697265625e-06,3.0517578125e-05
parallel_down,3,26741667563.047684,0.0,28954427754.69278,32750438788.729435,78767571135.66125,131987000000.0,3915000000.0,18297437679.083447,492410921.5327811,71034041.677468,421376879.8553131,0.0,0.0,3.0517578125e-05,0.0,1.0,0.0,1841938259.7112045,296611718.74524707,0.0,0.0,0.0,0.0,0.0,0.0,0.008133398238341232,19833451.878956,62594632.84227412,8439408.835193874,0.0,0.0,0.0,0.0,0.0,0.0,0.0,0.0,0.0,-0.0,0.0,0.0,0.0,0.0,0.0,0.0,0.0,0.0,0.0,0.0,418200708.3441347,418200708.3441347,37753361.88697336,9.760260581970215e-07,421376879.8553131,0.0,0.0,2026-03-31,0.08493150684931507,0.0,0.0,0.015914515337869393,0.9959805018867519,347166666.6666667,36456851.30167308,0.0,0.0,3.814697265625e-06,4.57763671875e-05
parallel_down,4,28954427754.69278,0.0,31139874326.2982,32456470652.94758,76906756234.53397,131987000000.0,3915000000.0,18328101213.779724,484471946.21434903,71034041.677468,413437904.536881,0.0,0.0,0.0,0.0,1.0,0.0,1825207197.953348,293968135.7818567,0.0,0.0,0.0,0.0,0.0,0.0,0.008133398238341232,21474586.362330787,62594632.84227412,8439408.835193874,3.814697265625e-06,0.0,0.0,0.0,0.0,0.0,0.0,0.0,0.0,-0.0,0.0,0.0,0.0,0.0,0.0,0.0,0.0,0.0,0.0,0.0,418200708.3441347,418200708.3441347,30663534.69627928,-1.6614794731140137e-06,413437904.536881,0.0,0.0,2026-04-30,0.0821917808219178,0.0,0.0,0.01562829109070485,0.9947027891685714,347166666.6666667,35607703.17393506,0.0,0.0,3.814697265625e-06,3.0517578125e-05
parallel_down,5,31139874326.2982,0.0,33298256483.14095,32165122538.91948,75063356982.59596,131987000000.0,3915000000.0,18351736004.656372,476602001.58446634,71034041.677468,405567959.90699834,0.0,0.0,0.0,0.0,1.0,0.0,1808632749.574322,291348114.02809715,0.0,0.0,0.0,0.0,0.0,0.0,0.008133398238341232,23095463.194703817,62594632.84227412,8439408.835193874,0.0,0.0,0.0,0.0,0.0,0.0,0.0,0.0,0.0,-0.0,0.0,0.0,0.0,0.0,0.0,0.0,0.0,0.0,0.0,0.0,418200708.3441347,418200708.3441347,23634790.876649544,-1.5944242477416992e-06,405567959.90699834,0.0,0.0,2026-05-31,0.08493150684931507,0.0,0.0,0.015272975181996742,0.993414175219665,347166666.6666667,34766502.363682106,0.0,0.0,0.0,3.0517578125e-05
parallel_down,6,33298256483.14095,0.0,35429821106.99188,31876371095.427258,73237210359.54312,131987000000.0,3915000000.0,18368402561.96225,468800440.12954336,71034041.677468,397766398.45207536,0.0,0.0,3.0517578125e-05,0.0,1.0,0.0,1792213448.573296,288751443.4922236,0.0,0.0,0.0,0.0,0.0,0.0,0.008133398238341232,24696267.2037736,62594632.84227412,8439408.835193874,0.0,0.0,0.0,0.0,0.0,0.0,0.0,0.0,0.0,-0.0,0.0,0.0,0.0,0.0,0.0,0.0,0.0,0.0,0.0,0.0,418200708.3441347,418200708.3441347,16666557.305875897,1.7881393432617188e-06,397766398.45207536,0.0,0.0,2026-06-30,0.0821917808219178,0.0,0.0,0.014911824719571014,0.9921981080190728,347166666.6666667,33933174.47953278,0.0,0.0,3.814697265625e-06,1.52587890625e-05
parallel_down,7,35429821106.99188,0.0,37534812777.74713,31590193179.37319,71428154871.04453,131987000000.0,3915000000.0,18378160828.164837,461066620.373176,71034041.677468,390032578.695708,0.0,0.0,3.0517578125e-05,0.0,1.0,0.0,1775947842.6721408,286177916.0540645,0.0,0.0,0.0,0.0,0.0,0.0,0.008133398238341232,26277181.493967336,62594632.84227412,8439408.835193874,0.0,0.0,0.0,0.0,0.0,0.0,0.0,0.0,0.0,-0.0,0.0,0.0,0.0,0.0,0.0,0.0,0.0,0.0,0.0,0.0,418200708.3441347,418200708.3441347,9758266.202585254,1.8738210201263428e-06,390032578.695708,0.0,0.0,2026-07-31,0.08493150684931507,0.0,0.0,0.014966088795582377,0.9909385335078763,347166666.6666667,33107645.826456036,0.0,0.0,0.0,1.52587890625e-05
parallel_down,8,37534812777.74713,0.0,39878844184.63817,31023078718.262486,69654147280.34064,131987000000.0,3915000000.0,18381070183.241272,453399906.8198199,71034041.677468,382365865.1423519,0.0,0.0,0.0,0.0,1.0,0.0,1741717747.3046472,567114461.1107075,0.0,0.0,0.0,0.0,0.0,0.0,0.008133398238341232,27838387.46248433,62594632.84227412,8439408.835193874,-7.62939453125e-06,0.0,0.0,0.0,0.0,0.0,0.0,0.0,0.0,-0.0,0.0,0.0,0.0,0.0,0.0,0.0,0.0,0.0,0.0,0.0,418200708.3441347,418200708.3441347,2909355.076432295,2.7939677238464355e-06,382365865.1423519,0.0,0.0,2026-08-31,0.08493150684931507,0.0,0.0,0.014744819057654651,0.989699133579026,347166666.6666667,32289843.399252944,0.0,0.0,3.814697265625e-06,3.0517578125e-05
parallel_down,9,39878844184.63817,0.0,41854342816.31425,30745762024.302948,67949438602.323555,131987000000.0,3915000000.0,18374543442.940716,443161852.7838652,71034041.677468,372127811.1063972,0.0,0.0,3.0517578125e-05,0.0,1.0,0.0,1673220793.2768037,277316693.9595374,0.0,0.0,0.0,0.0,0.0,0.0,0.008133398238341232,29576881.66826738,62594632.84227412,8439408.835193874,7.62939453125e-06,0.0,0.0,0.0,0.0,0.0,0.0,0.0,0.0,-0.0,0.0,0.0,0.0,0.0,0.0,0.0,0.0,0.0,0.0,0.0,418200708.3441347,418200708.3441347,-6526740.30055479,-1.3932585716247559e-06,372127811.1063972,0.0,0.0,2026-09-30,0.0821917808219178,0.0,0.0,0.014509117624010748,0.9885202932605078,347166666.6666667,31487884.740285315,0.0,0.0,0.0,3.0517578125e-05
parallel_down,10,41854342816.31425,0.0,43805008296.498474,30470916944.380497,66260684326.20228,131987000000.0,3915000000.0,18361609567.081203,435984085.8631714,71034041.677468,364950044.1857034,0.0,0.0,3.0517578125e-05,0.0,1.0,0.0,1658037022.7427328,274845079.92245066,0.0,0.0,0.0,0.0,0.0,0.0,0.008133398238341232,31042046.731587227,62594632.84227412,8439408.835193874,7.62939453125e-06,0.0,0.0,0.0,0.0,0.0,0.0,0.0,0.0,-0.0,0.0,0.0,0.0,0.0,0.0,0.0,0.0,0.0,0.0,0.0,418200708.3441347,418200708.3441347,-12933875.859513216,8.866190910339355e-07,364950044.1857034,0.0,0.0,2026-10-31,0.08493150684931507,0.0,0.0,0.014273997421872645,0.9873233492079719,347166666.6666667,30717253.378549926,0.0,0.0,0.0,3.814697265625e-05
parallel_down,11,43805008296.498474,0.0,45731066906.525276,30198521449.976543,64587735109.87388,131987000000.0,3915000000.0,18342323466.375652,428868442.00940025,71034041.677468,357834400.33193225,0.0,0.0,6.103515625e-05,0.0,1.0,0.0,1642995381.957577,272395494.4039543,0.0,0.0,0.0,0.0,0.0,0.0,0.008133398238341232,32488793.829237748,62594632.84227412,8439408.835193874,0.0,0.0,0.0,0.0,0.0,0.0,0.0,0.0,0.0,-0.0,0.0,0.0,0.0,0.0,0.0,0.0,0.0,0.0,0.0,0.0,418200708.3441347,418200708.3441347,-19286100.705552444,1.296401023864746e-06,357834400.33193225,0.0,0.0,2026-11-30,0.0821917808219178,0.0,0.0,0.01403832379052931,0.9861854540801457,347166666.6666667,29953834.370818004,0.0,0.0,3.814697265625e-06,3.0517578125e-05
parallel_down,12,45731066906.525276,0.0,47632742818.11231,29928553708.90397,62930443009.17196,131987000000.0,3915000000.0,18316739536.188187,421814338.36210054,71034041.677468,350780296.68463254,0.0,0.0,6.103515625e-05,0.0,1.0,0.0,1628094540.4964938,269967741.0725727,0.0,0.0,0.0,0.0,0.0,0.0,0.008133398238341232,33917290.78695185,62594632.84227412,8439408.835193874,7.62939453125e-06,0.0,0.0,0.0,0.0,0.0,0.0,0.0,0.0,0.0,0.0,0.0,0.0,0.0,0.0,0.0,0.0,0.0,0.0,0.0,418200708.3441347,418200708.3441347,-25583930.187466353,6.854534149169922e-07,350780296.68463254,0.0,0.0,2026-12-31,0.08493150684931507,0.0,0.0,0.013803194589565046,0.9850306768927346,347166666.6666667,29197560.205432206,0.0,0.0,0.0,3.814697265625e-05
steepener,0,11845000000.0,0.0,11845000000.0,33894000000.0,94567000000.0,131987000000.0,3915000000.0,18131000000.0,0.0,0.0,0.0,0.0,0.0,0.0,0.0,1.0,0.0,0.0,0.0,0.0,0.0,0.0,0.0,0.0,0.0,0.018199438337660963,0.0,0.0,0.0,0.0,0.0,0.0,0.0,0.0,0.0,0.0,0.0,0.0,-0.0,0.0,0.0,0.0,0.0,0.0,0.0,0.0,0.0,0.0,0.0,0.0,0.0,0.0,0.0,0.0,0.0,0.0,2025-12-31,0.0,0.0,0.0,0.0,1.0,0.0,0.0,0.0,0.0,0.0,1.52587890625e-05
steepener,1,11845000000.0,0.0,19090936733.319447,33619453184.130974,87678168267.03722,131987000000.0,3915000000.0,18213558184.487625,625715705.5313189,153240854.37702435,472474851.15429455,0.0,0.0,3.0517578125e-05,0.0,1.0,0.0,6846081732.9627905,274546815.86902547,0.0,0.0,0.0,0.0,0.0,0.0,0.018199438337660963,17992288.53625359,140062877.4466388,13177976.930385562,0.0,0.0,0.0,0.0,0.0,0.0,0.0,0.0,0.0,-0.0,0.0,0.0,0.0,0.0,0.0,0.0,0.0,0.0,0.0,0.0,500407521.04369104,500407521.04369104,82558184.48762786,-2.7418136596679688e-06,472474851.15429455,0.0,0.0,2026-01-31,0.08493150684931507,0.0,0.0,0.030629937642440402,0.9974053032068891,347166666.6666667,42750000.0,0.0,0.0,0.0,1.52587890625e-05
steepener,2,19090936733.319447,0.0,26452000837.518192,33110278515.71846,80887605310.93785,131987000000.0,3915000000.0,18274884664.174488,601369832.3992771,153240854.37702435,448128978.02225274,0.0,0.0,0.0,0.0,1.0,0.0,6750927124.430644,509174668.41251534,0.0,0.0,0.0,0.0,0.0,0.0,0.018199438337660963,28998703.430413347,140062877.4466388,13177976.930385562,0.0,0.0,0.0,0.0,0.0,0.0,0.0,0.0,0.0,-0.0,0.0,0.0,0.0,0.0,0.0,0.0,0.0,0.0,0.0,0.0,500407521.04369104,500407521.04369104,61326479.6868661,-3.1515955924987793e-06,448128978.02225274,0.0,0.0,2026-02-28,0.07671232876712329,0.0,0.0,0.030803492644998407,0.9950539830278969,347166666.6666667,39635831.668719955,0.0,0.0,0.0,3.0517578125e-05
steepener,3,26452000837.518192,0.0,28525330539.98003,32844260841.57137,79124373035.41875,131987000000.0,3915000000.0,18318964416.970127,559474801.9159207,131662295.68928072,427812506.22664,0.0,0.0,3.0517578125e-05,0.0,1.0,0.0,1726666188.7547693,266017674.14709258,0.0,0.0,0.0,0.0,0.0,0.0,0.015395571564305504,40179994.21104676,118484318.75889516,13177976.930385562,3.814697265625e-06,0.0,0.0,0.0,0.0,0.0,0.0,0.0,0.0,-0.0,0.0,0.0,0.0,0.0,0.0,0.0,0.0,0.0,0.0,0.0,478828962.3559474,478828962.3559474,44079752.79564121,-2.175569534301758e-06,427812506.22664,0.0,0.0,2026-03-31,0.08493150684931507,0.0,0.0,0.030966265660385676,0.9924438442012966,347166666.6666667,36566086.764332086,0.0,0.0,3.814697265625e-06,1.52587890625e-05
steepener,4,28525330539.98003,0.0,30576655656.214836,32580218799.61716,77375024614.12971,131987000000.0,3915000000.0,18356899069.961693,552532614.5466399,131662295.68928072,420870318.8573592,0.0,0.0,3.0517578125e-05,0.0,1.0,0.0,1713579422.0899036,264042041.9542089,0.0,0.0,0.0,0.0,0.0,0.0,0.015395571564305504,43329335.38770174,118484318.75889516,13177976.930385562,0.0,0.0,0.0,0.0,0.0,0.0,0.0,0.0,0.0,-0.0,0.0,0.0,0.0,0.0,0.0,0.0,0.0,0.0,0.0,0.0,478828962.3559474,478828962.3559474,37934652.99156223,3.471970558166504e-06,420870318.8573592,0.0,0.0,2026-04-30,0.0821917808219178,0.0,0.0,0.03127059399552401,0.9898996182512697,347166666.6666667,35768999.19913025,0.0,0.0,3.814697265625e-06,3.0517578125e-05
steepener,5,30576655656.214836,0.0,32606139624.34048,32318137717.437645,75639450707.22867,131987000000.0,3915000000.0,18388728049.00677,545636129.3762636,131662295.68928072,413973833.68698287,0.0,0.0,0.0,0.0,1.0,0.0,1700595718.925811,262081082.17951733,0.0,0.0,0.0,0.0,0.0,0.0,0.015395571564305504,46445252.09289047,118484318.75889516,13177976.930385562,0.0,0.0,0.0,0.0,0.0,0.0,0.0,0.0,0.0,-0.0,0.0,0.0,0.0,0.0,0.0,0.0,0.0,0.0,0.0,0.0,478828962.3559474,478828962.3559474,31828979.04508122,-2.942979335784912e-06,413973833.68698287,0.0,0.0,2026-05-31,0.08493150684931507,0.0,0.0,0.03148915937509025,0.9872592705800621,347166666.6666667,34978187.97523496,0.0,0.0,3.814697265625e-06,3.0517578125e-05
steepener,6,32606139624.34048,0.0,34613944589.53141,32058003031.582207,73917542835.96788,131987000000.0,3915000000.0,18414490457.081467,538784974.0950736,131662295.68928072,407122678.40579283,0.0,0.0,0.0,0.0,1.0,0.0,1687714267.5963664,260134685.8554395,0.0,0.0,0.0,0.0,0.0,0.0,0.015395571564305504,49527992.58543733,118484318.75889516,13177976.930385562,0.0,0.0,0.0,0.0,0.0,0.0,0.0,0.0,0.0,-0.0,0.0,0.0,0.0,0.0,0.0,0.0,0.0,0.0,0.0,0.0,478828962.3559474,478828962.3559474,25762408.074697487,-1.8998980522155762e-06,407122678.40579283,0.0,0.0,2026-06-30,0.0821917808219178,0.0,0.0,0.03168192877372485,0.9846951302255711,347166666.6666667,34193603.66442866,0.0,0.0,7.62939453125e-06,3.0517578125e-05
steepener,7,34613944589.53141,0.0,36600231414.12419,31799800286.75854,72209193375.91248,131987000000.0,3915000000.0,18434225076.79518,531978779.29742205,131662295.68928072,400316483.6081413,0.0,0.0,6.103515625e-05,0.0,1.0,0.0,1674934262.8276384,258202744.82366621,0.0,0.0,0.0,0.0,0.0,0.0,0.015395571564305504,52577803.160214685,118484318.75889516,13177976.930385562,0.0,0.0,0.0,0.0,0.0,0.0,0.0,0.0,0.0,-0.0,0.0,0.0,0.0,0.0,0.0,0.0,0.0,0.0,0.0,0.0,478828962.3559474,478828962.3559474,19734619.71371413,4.6938657760620117e-07,400316483.6081413,0.0,0.0,2026-07-31,0.08493150684931507,0.0,0.0,0.032275282666542324,0.9820032742504123,347166666.6666667,33415197.227760486,0.0,0.0,7.62939453125e-06,3.0517578125e-05
steepener,8,36600231414.12419,0.0,38833397703.98401,31259881497.653217,70529691171.24843,131987000000.0,3915000000.0,18447970372.885643,525217178.4588871,131662295.68928072,393554882.76960635,0.0,0.0,0.0,0.0,1.0,0.0,1646859284.6515608,539918789.1053236,0.0,0.0,0.0,0.0,0.0,0.0,0.015395571564305504,55594928.163493045,118484318.75889516,13177976.930385562,0.0,0.0,0.0,0.0,0.0,0.0,0.0,0.0,0.0,-0.0,0.0,0.0,0.0,0.0,0.0,0.0,0.0,0.0,0.0,0.0,478828962.3559474,478828962.3559474,13745296.090459019,2.7120113372802734e-06,393554882.76960635,0.0,0.0,2026-08-31,0.08493150684931507,0.0,0.0,0.03258310611283698,0.9792932444239517,347166666.6666667,32642920.012480646,0.0,0.0,7.62939453125e-06,3.0517578125e-05
steepener,9,38833397703.98401,0.0,40701593986.35172,31009290598.988174,68918936540.63394,131987000000.0,3915000000.0,18454821125.973824,517563398.9444086,131662295.68928072,385901103.2551279,0.0,0.0,3.0517578125e-05,0.0,1.0,0.0,1578870947.1142087,250590898.66504264,0.0,0.0,0.0,0.0,0.0,0.0,0.015395571564305504,58987057.52074023,118484318.75889516,13177976.930385562,0.0,0.0,0.0,0.0,0.0,0.0,0.0,0.0,0.0,-0.0,0.0,0.0,0.0,0.0,0.0,0.0,0.0,0.0,0.0,0.0,478828962.3559474,478828962.3559474,6850753.088182375,-1.8328428268432617e-06,385901103.2551279,0.0,0.0,2026-09-30,0.0821917808219178,0.0,0.0,0.03285014698120877,0.9766562607213641,347166666.6666667,31883683.500278845,0.0,0.0,7.62939453125e-06,3.0517578125e-05
steepener,10,40701593986.35172,0.0,42549555645.972046,30760560762.55606,67320864948.292145,131987000000.0,3915000000.0,18455981356.820236,511144718.2492838,131662295.68928072,379482422.56000304,0.0,0.0,0.0,0.0,1.0,0.0,1566916067.2948735,248729836.4321154,0.0,0.0,0.0,0.0,0.0,0.0,0.015395571564305504,61824805.64692985,118484318.75889516,13177976.930385562,0.0,0.0,0.0,0.0,0.0,0.0,0.0,0.0,0.0,-0.0,0.0,0.0,0.0,0.0,0.0,0.0,0.0,0.0,0.0,0.0,478828962.3559474,478828962.3559474,1160230.846416179,-3.520399332046509e-06,379482422.56000304,0.0,0.0,2026-10-31,0.08493150684931507,0.0,0.0,0.03310400943080478,0.9739180187225277,347166666.6666667,31155525.046920177,0.0,0.0,1.1444091796875e-05,2.288818359375e-05
steepener,11,42549555645.972046,0.0,44377432488.02374,30513678166.814857,65735376511.282166,131987000000.0,3915000000.0,18451487166.120758,504767871.749941,131662295.68928072,373105576.06066024,0.0,0.0,0.0,0.0,1.0,0.0,1555055336.9165003,246882595.7412046,0.0,0.0,0.0,0.0,0.0,0.0,0.015395571564305504,64631817.83636192,118484318.75889516,13177976.930385562,0.0,0.0,0.0,0.0,0.0,0.0,0.0,0.0,0.0,-0.0,0.0,0.0,0.0,0.0,0.0,0.0,0.0,0.0,0.0,0.0,478828962.3559474,478828962.3559474,-4494190.699479733,1.5832483768463135e-06,373105576.06066024,0.0,0.0,2026-11-30,0.0821917808219178,0.0,0.0,0.033339361347057436,0.9712565606319298,347166666.6666667,30433100.09347329,0.0,0.0,1.1444091796875e-05,1.52587890625e-05
steepener,12,44377432488.02374,0.0,46185373132.04028,30268629092.870926,64162372133.28062,131987000000.0,3915000000.0,18441374358.191822,498432517.91382337,131662295.68928072,366770222.2245426,0.0,0.0,0.0,0.0,1.0,0.0,1543288014.5147364,245049073.94392997,0.0,0.0,0.0,0.0,0.0,0.0,0.015395571564305504,67408321.63973299,118484318.75889516,13177976.930385562,-7.62939453125e-06,0.0,0.0,0.0,0.0,0.0,0.0,0.0,0.0,0.0,0.0,0.0,0.0,0.0,0.0,0.0,0.0,0.0,0.0,0.0,478828962.3559474,478828962.3559474,-10112807.928935662,-3.427267074584961e-07,366770222.2245426,0.0,0.0,2026-12-31,0.08493150684931507,0.0,0.0,0.03356251092959508,0.9684958490481289,347166666.6666667,29716363.486811593,0.0,0.0,1.1444091796875e-05,1.52587890625e-05
flattener,0,11845000000.0,0.0,11845000000.0,33894000000.0,94567000000.0,131987000000.0,3915000000.0,18131000000.0,0.0,0.0,0.0,0.0,0.0,0.0,0.0,1.0,0.0,0.0,0.0,0.0,0.0,0.0,0.0,0.0,0.0,0.018199438337660963,0.0,0.0,0.0,0.0,0.0,0.0,0.0,0.0,0.0,0.0,0.0,0.0,-0.0,0.0,0.0,0.0,0.0,0.0,0.0,0.0,0.0,0.0,0.0,0.0,0.0,0.0,0.0,0.0,0.0,0.0,2025-12-31,0.0,0.0,0.0,0.0,1.0,0.0,0.0,0.0,0.0,0.0,1.52587890625e-05
flattener,1,11845000000.0,0.0,18975049532.633465,33643069334.822468,87774387054.20299,131987000000.0,3915000000.0,18217505921.658928,633849626.6207247,157427038.2951292,476422588.3255955,0.0,0.0,0.0,0.0,1.0,0.0,6749862945.7970085,250930665.1775304,0.0,0.0,0.0,0.0,0.0,0.0,0.018199438337660963,26126209.625659347,140062877.4466388,17364160.848490406,-3.814697265625e-06,0.0,0.0,0.0,0.0,0.0,0.0,0.0,0.0,-0.0,0.0,0.0,0.0,0.0,0.0,0.0,0.0,0.0,0.0,0.0,504593704.9617959,504593704.9617959,86505921.65892881,-8.940696716308594e-07,476422588.3255955,0.0,0.0,2026-01-31,0.08493150684931507,0.0,0.0,0.0445544854649041,0.9962301856899489,347166666.6666667,42750000.0,0.0,0.0,0.0,1.52587890625e-05
flattener,2,18975049532.633465,0.0,26239624909.326508,33157055069.73709,81066372727.45041,131987000000.0,3915000000.0,18288052706.51402,614819818.1932461,157427038.2951292,457392779.89811695,0.0,0.0,0.0,0.0,1.0,0.0,6668334998.376219,486014265.0853753,0.0,0.0,0.0,0.0,0.0,0.0,0.018199438337660963,41852775.15802882,140062877.4466388,17364160.848490406,0.0,0.0,0.0,0.0,0.0,0.0,0.0,0.0,0.0,-0.0,0.0,0.0,0.0,0.0,0.0,0.0,0.0,0.0,0.0,0.0,504593704.9617959,504593704.9617959,70546784.85509089,2.086162567138672e-07,457392779.89811695,0.0,0.0,2026-02-28,0.07671232876712329,0.0,0.0,0.04356406222502809,0.9929119725098856,347166666.6666667,39679328.37635938,0.0,0.0,0.0,1.52587890625e-05
flattener,3,26239624909.326508,0.0,28210009411.129486,32913761895.923405,79388687156.57347,131987000000.0,3915000000.0,18337458463.62637,618442319.435658,185222995.2146421,433219324.2210159,0.0,0.0,-3.0517578125e-05,0.0,1.0,0.0,1641038670.4349432,243293173.8136873,0.0,0.0,0.0,0.0,0.0,0.0,0.021811179101630936,57876060.85941216,167858834.3661517,17364160.848490406,0.0,0.0,0.0,0.0,0.0,0.0,0.0,0.0,0.0,-0.0,0.0,0.0,0.0,0.0,0.0,0.0,0.0,0.0,0.0,0.0,532389661.8813088,532389661.8813088,49405757.11235034,1.2665987014770508e-07,433219324.2210159,0.0,0.0,2026-03-31,0.08493150684931507,0.0,0.0,0.04260610041114049,0.9893319755176812,347166666.6666667,36646900.44199885,0.0,0.0,0.0,1.52587890625e-05
flattener,4,28210009411.129486,0.0,30162047393.528847,32672008486.18016,77722371046.08647,131987000000.0,3915000000.0,18381426925.795483,612246609.208496,185222995.2146421,427023613.99385387,0.0,0.0,0.0,0.0,1.0,0.0,1630427625.3289278,241753409.7432457,0.0,0.0,0.0,0.0,0.0,0.0,0.021811179101630936,62222086.907301985,167858834.3661517,17364160.848490406,3.814697265625e-06,0.0,0.0,0.0,0.0,0.0,0.0,0.0,0.0,-0.0,0.0,0.0,0.0,0.0,0.0,0.0,0.0,0.0,0.0,0.0,532389661.8813088,532389661.8813088,43968462.169113904,-7.450580596923828e-07,427023613.99385387,0.0,0.0,2026-04-30,0.0821917808219178,0.0,0.0,0.041782034179980054,0.9859460987835175,347166666.6666667,35888485.15807328,0.0,0.0,0.0,1.52587890625e-05
flattener,5,30162047393.528847,0.0,32095851190.674988,32431785095.58375,76067347334.20221,131987000000.0,3915000000.0,18419983620.46096,606081566.1042429,185222995.2146421,420858570.8896008,0.0,0.0,-3.0517578125e-05,0.0,1.0,0.0,1619888502.3267982,240223390.59640986,0.0,0.0,0.0,0.0,0.0,0.0,0.021811179101630936,66527646.512655705,167858834.3661517,17364160.848490406,0.0,0.0,0.0,0.0,0.0,0.0,0.0,0.0,0.0,-0.0,0.0,0.0,0.0,0.0,0.0,0.0,0.0,0.0,0.0,0.0,532389661.8813088,532389661.8813088,38556694.665475436,2.3171305656433105e-06,420858570.8896008,0.0,0.0,2026-05-31,0.08493150684931507,0.0,0.0,0.040909682602847094,0.9825322697905591,347166666.6666667,35135209.55745869,0.0,0.0,3.814697265625e-06,1.52587890625e-05
flattener,6,32095851190.674988,0.0,34011532355.196877,32193082040.884655,74423539481.46109,131987000000.0,3915000000.0,18453153877.54263,599946957.7665503,185222995.2146421,414723962.5519082,0.0,0.0,-3.0517578125e-05,0.0,1.0,0.0,1609420813.9375513,238703054.6990974,0.0,0.0,0.0,0.0,0.0,0.0,0.021811179101630936,70792987.44799857,167858834.3661517,17364160.848490406,0.0,0.0,0.0,0.0,0.0,0.0,0.0,0.0,0.0,-0.0,0.0,0.0,0.0,0.0,0.0,0.0,0.0,0.0,0.0,0.0,532389661.8813088,532389661.8813088,33170257.081672147,-3.293156623840332e-06,414723962.5519082,0.0,0.0,2026-06-30,0.0821917808219178,0.0,0.0,0.040043750933647426,0.9793091018649044,347166666.6666667,34387038.80356936,0.0,0.0,3.814697265625e-06,1.52587890625e-05
flattener,7,34011532355.196877,0.0,35909201663.41439,31955889700.117104,72790871467.19073,131987000000.0,3915000000.0,18480962830.722233,593842553.356854,185222995.2146421,408619558.14221185,0.0,0.0,0.0,0.0,1.0,0.0,1599024075.9744174,237192340.76755157,0.0,0.0,0.0,0.0,0.0,0.0,0.021811179101630936,75018355.76207422,167858834.3661517,17364160.848490406,-7.62939453125e-06,0.0,0.0,0.0,0.0,0.0,0.0,0.0,0.0,-0.0,0.0,0.0,0.0,0.0,0.0,0.0,0.0,0.0,0.0,0.0,532389661.8813088,532389661.8813088,27808953.17960196,1.6167759895324707e-06,408619558.14221185,0.0,0.0,2026-07-31,0.08493150684931507,0.0,0.0,0.03961381209150633,0.9760253030389173,347166666.6666667,33643938.29594321,0.0,0.0,3.814697265625e-06,1.52587890625e-05
flattener,8,35909201663.41439,0.0,38059354111.9338,31436455191.719337,71182626115.06313,131987000000.0,3915000000.0,18503435418.716263,587768123.54398,185222995.2146421,402545128.3293379,0.0,0.0,0.0,0.0,1.0,0.0,1575339478.4589715,519434508.39776593,0.0,0.0,0.0,0.0,0.0,0.0,0.021811179101630936,79203995.79134147,167858834.3661517,17364160.848490406,0.0,0.0,0.0,0.0,0.0,0.0,0.0,0.0,0.0,-0.0,0.0,0.0,0.0,0.0,0.0,0.0,0.0,0.0,0.0,0.0,532389661.8813088,532389661.8813088,22472587.994029894,1.043081283569336e-07,402545128.3293379,0.0,0.0,2026-08-31,0.08493150684931507,0.0,0.0,0.03891361888215075,0.9728101729191275,347166666.6666667,32905873.668641314,0.0,0.0,3.814697265625e-06,3.0517578125e-05
flattener,9,38059354111.9338,0.0,39847221350.15145,31206052292.27403,69642918414.24326,131987000000.0,3915000000.0,18521192056.668743,582325149.3946192,185222995.2146421,397102154.1799771,0.0,0.0,0.0,0.0,1.0,0.0,1507528851.2590282,230402899.4453076,0.0,0.0,0.0,0.0,0.0,0.0,0.021811179101630936,83946531.3419656,167858834.3661517,17364160.848490406,7.62939453125e-06,0.0,0.0,0.0,0.0,0.0,0.0,0.0,0.0,-0.0,0.0,0.0,0.0,0.0,0.0,0.0,0.0,0.0,0.0,0.0,532389661.8813088,532389661.8813088,17756637.952481095,-7.7858567237854e-07,397102154.1799771,0.0,0.0,2026-09-30,0.0821917808219178,0.0,0.0,0.03822001311977896,0.9697637851444995,347166666.6666667,32178849.560829338,0.0,0.0,3.814697265625e-06,1.52587890625e-05
flattener,10,39847221350.15145,0.0,41618047113.61422,30977107576.388622,68113644959.402275,131987000000.0,3915000000.0,18533799649.405125,576480063.2317832,185222995.2146421,391257068.01714104,0.0,0.0,0.0,0.0,1.0,0.0,1497790646.2268903,228944715.88540572,0.0,0.0,0.0,0.0,0.0,0.0,0.021811179101630936,87889983.79013132,167858834.3661517,17364160.848490406,0.0,0.0,0.0,0.0,0.0,0.0,0.0,0.0,0.0,-0.0,0.0,0.0,0.0,0.0,0.0,0.0,0.0,0.0,0.0,0.0,532389661.8813088,532389661.8813088,12607592.736381717,-1.862645149230957e-07,391257068.01714104,0.0,0.0,2026-10-31,0.08493150684931507,0.0,0.0,0.037545028069453694,0.9666812746149688,347166666.6666667,31482808.61409264,0.0,0.0,3.814697265625e-06,7.62939453125e-06
flattener,11,41618047113.61422,0.0,43371935094.18289,30749611815.44968,66594735027.67264,131987000000.0,3915000000.0,18541281937.305218,570663434.3586296,185222995.2146421,385440439.1439875,0.0,0.0,0.0,0.0,1.0,0.0,1488118447.1524115,227495760.9389436,0.0,0.0,0.0,0.0,0.0,0.0,0.021811179101630936,91795848.29893221,167858834.3661517,17364160.848490406,0.0,0.0,0.0,0.0,0.0,0.0,0.0,0.0,0.0,-0.0,0.0,0.0,0.0,0.0,0.0,0.0,0.0,0.0,0.0,0.0,532389661.8813088,532389661.8813088,7482287.900095679,-2.600252628326416e-06,385440439.1439875,0.0,0.0,2026-11-30,0.0821917808219178,0.0,0.0,0.03688024152865854,0.963759874864779,347166666.6666667,30791484.57722511,0.0,0.0,3.814697265625e-06,7.62939453125e-06
flattener,12,43371935094.18289,0.0,45108988260.88447,30523555839.250195,65086118375.54895,131987000000.0,3915000000.0,18543662475.683628,564875045.7389323,185222995.2146421,379652050.52429014,0.0,0.0,-3.0517578125e-05,0.0,1.0,0.0,1478511806.6444724,226055976.19948432,0.0,0.0,0.0,0.0,0.0,0.0,0.021811179101630936,95664353.57881922,167858834.3661517,17364160.848490406,0.0,0.0,0.0,0.0,0.0,0.0,0.0,0.0,0.0,0.0,0.0,0.0,0.0,0.0,0.0,0.0,0.0,0.0,0.0,0.0,532389661.8813088,532389661.8813088,2380538.3784076087,2.730637788772583e-06,379652050.52429014,0.0,0.0,2026-12-31,0.08493150684931507,0.0,0.0,0.03623299197225683,0.9608031735390623,347166666.6666667,30104845.47921585,0.0,0.0,3.814697265625e-06,7.62939453125e-06
short_up,0,11845000000.0,0.0,11845000000.0,33894000000.0,94567000000.0,131987000000.0,3915000000.0,18131000000.0,0.0,0.0,0.0,0.0,0.0,0.0,0.0,1.0,0.0,0.0,0.0,0.0,0.0,0.0,0.0,0.0,0.0,0.018199438337660963,0.0,0.0,0.0,0.0,0.0,0.0,0.0,0.0,0.0,0.0,0.0,0.0,-0.0,0.0,0.0,0.0,0.0,0.0,0.0,0.0,0.0,0.0,0.0,0.0,0.0,0.0,0.0,0.0,0.0,0.0,2025-12-31,0.0,0.0,0.0,0.0,1.0,0.0,0.0,0.0,0.0,0.0,1.52587890625e-05
short_up,1,11845000000.0,0.0,18852119645.304493,33668298629.278496,87877178239.15599,131987000000.0,3915000000.0,18222596513.73898,644338286.95468,162825106.54903156,481513180.4056484,0.0,0.0,0.0,0.0,1.0,0.0,6647071760.844008,225701370.7215023,0.0,0.0,0.0,0.0,0.0,0.0,0.018199438337660963,36614869.9596147,140062877.4466388,22762229.102392763,3.814697265625e-06,0.0,0.0,0.0,0.0,0.0,0.0,0.0,0.0,-0.0,0.0,0.0,0.0,0.0,0.0,0.0,0.0,0.0,0.0,0.0,509991773.21569824,509991773.21569824,91596513.73898172,-2.384185791015625e-06,481513180.4056484,0.0,0.0,2026-01-31,0.08493150684931507,0.0,0.0,0.06139883289090936,0.9948123565840242,347166666.6666667,42750000.0,0.0,0.0,0.0,1.52587890625e-05
short_up,2,18852119645.304493,0.0,26015102563.076202,33207084056.743076,81257571031.69115,131987000000.0,3915000000.0,18304757651.51043,631878707.1922076,162825106.54903156,469053600.643176,0.0,0.0,0.0,0.0,1.0,0.0,6579881411.259781,461214572.5354207,0.0,0.0,0.0,0.0,0.0,0.0,0.018199438337660963,58275045.10560757,140062877.4466388,22762229.102392763,0.0,0.0,0.0,0.0,0.0,0.0,0.0,0.0,0.0,-0.0,0.0,0.0,0.0,0.0,0.0,0.0,0.0,0.0,0.0,0.0,509991773.21569824,509991773.21569824,82161137.77144924,8.046627044677734e-07,469053600.643176,0.0,0.0,2026-02-28,0.07671232876712329,0.0,0.0,0.05996680382955818,0.990256983173005,347166666.6666667,39725796.205060095,0.0,0.0,0.0,1.52587890625e-05
short_up,3,26015102563.076202,0.0,27875863116.723362,32988180796.549965,79671707813.12886,131987000000.0,3915000000.0,18360751726.402195,694183388.8999312,254289313.7092073,439894075.1907239,0.0,0.0,0.0,0.0,1.0,0.0,1549129884.9299881,218903260.19311124,0.0,0.0,0.0,0.0,0.0,0.0,0.030084080640178607,80417019.61444275,231527084.60681453,22762229.102392763,0.0,0.0,0.0,0.0,0.0,0.0,0.0,0.0,0.0,-0.0,0.0,0.0,0.0,0.0,0.0,0.0,0.0,0.0,0.0,0.0,601455980.375874,601455980.375874,55994074.89176691,-1.3187527656555176e-06,439894075.1907239,0.0,0.0,2026-03-31,0.08493150684931507,0.0,0.0,0.058594494970978704,0.9853533537318374,347166666.6666667,36733333.632290296,0.0,0.0,0.0,0.0
short_up,4,27875863116.723362,0.0,29721945615.800716,32770406201.136654,78094732913.4638,131987000000.0,3915000000.0,18412084730.40118,688805411.9765716,254289313.7092073,434516098.26736426,0.0,0.0,0.0,0.0,1.0,0.0,1540958472.0633445,217774595.41331235,0.0,0.0,0.0,0.0,0.0,0.0,0.030084080640178607,86168940.73709123,231527084.60681453,22762229.102392763,3.814697265625e-06,0.0,0.0,0.0,0.0,0.0,0.0,0.0,0.0,-0.0,0.0,0.0,0.0,0.0,0.0,0.0,0.0,0.0,0.0,0.0,601455980.375874,601455980.375874,51333003.99898388,1.4081597328186035e-06,434516098.26736426,0.0,0.0,2026-04-30,0.0821917808219178,0.0,0.0,0.05734618833706599,0.9807307915935348,347166666.6666667,36016427.601713695,0.0,0.0,3.814697265625e-06,1.52587890625e-05
short_up,5,29721945615.800716,0.0,31553418418.12301,32553754451.109753,76526596507.92346,131987000000.0,3915000000.0,18458769377.15624,683444166.7594532,254289313.7092073,429154853.0502459,0.0,0.0,-3.0517578125e-05,0.0,1.0,0.0,1532832865.9118118,216651750.0269023,0.0,0.0,0.0,0.0,0.0,0.0,0.030084080640178607,91875489.54573943,231527084.60681453,22762229.102392763,0.0,0.0,0.0,0.0,0.0,0.0,0.0,0.0,0.0,-0.0,0.0,0.0,0.0,0.0,0.0,0.0,0.0,0.0,0.0,0.0,601455980.375874,601455980.375874,46684646.75505574,2.5480985641479492e-06,429154853.0502459,0.0,0.0,2026-05-31,0.08493150684931507,0.0,0.0,0.056067036674759325,0.9760828238784558,347166666.6666667,35303539.628523454,0.0,0.0,3.814697265625e-06,0.0
short_up,6,31553418418.12301,0.0,33370349459.367992,32338219757.080654,74967249051.03914,131987000000.0,3915000000.0,18500818267.487793,678099517.8963362,254289313.7092073,423810204.1871289,0.0,0.0,0.0,0.0,1.0,0.0,1524752809.69542,215534694.02910018,0.0,0.0,0.0,0.0,0.0,0.0,0.030084080640178607,97536877.34579025,231527084.60681453,22762229.102392763,3.814697265625e-06,0.0,0.0,0.0,0.0,0.0,0.0,0.0,0.0,-0.0,0.0,0.0,0.0,0.0,0.0,0.0,0.0,0.0,0.0,0.0,601455980.375874,601455980.375874,42048890.33155141,3.0025839805603027e-06,423810204.1871289,0.0,0.0,2026-06-30,0.0821917808219178,0.0,0.0,0.05480307934796462,0.9717059080443646,347166666.6666667,34594647.188910805,0.0,0.0,3.814697265625e-06,1.52587890625e-05
short_up,7,33370349459.367992,0.0,35172806255.3013,32123796359.510826,73416641275.08017,131987000000.0,3915000000.0,18538243889.89231,672771330.6657195,254289313.7092073,418482016.9565122,0.0,0.0,0.0,0.0,1.0,0.0,1516718048.0736382,214423397.5698297,0.0,0.0,0.0,0.0,0.0,0.0,0.030084080640178607,103153314.13775079,231527084.60681453,22762229.102392763,0.0,0.0,0.0,0.0,0.0,0.0,0.0,0.0,0.0,-0.0,0.0,0.0,0.0,0.0,0.0,0.0,0.0,0.0,0.0,0.0,601455980.375874,601455980.375874,37425622.40451637,1.7583370208740234e-06,418482016.9565122,0.0,0.0,2026-07-31,0.08493150684931507,0.0,0.0,0.053992030971543196,0.9672703692941171,347166666.6666667,33889727.88532916,0.0,0.0,7.62939453125e-06,1.52587890625e-05
short_up,8,35172806255.3013,0.0,37233561279.338875,31626616667.699055,71885880674.00562,131987000000.0,3915000000.0,18571058621.043556,667459470.9729066,254289313.7092073,413170157.2636993,0.0,0.0,0.0,0.0,1.0,0.0,1497571841.628775,497179691.8117708,0.0,0.0,0.0,0.0,0.0,0.0,0.030084080640178607,108725008.62410973,231527084.60681453,22762229.102392763,0.0,0.0,0.0,0.0,0.0,0.0,0.0,0.0,0.0,-0.0,0.0,0.0,0.0,0.0,0.0,0.0,0.0,0.0,0.0,0.0,601455980.375874,601455980.375874,32814731.151246265,-1.1473894119262695e-06,413170157.2636993,0.0,0.0,2026-08-31,0.08493150684931507,0.0,0.0,0.05291460811941941,0.9629427913385062,347166666.6666667,33188759.445786342,0.0,0.0,7.62939453125e-06,1.52587890625e-05
short_up,9,37233561279.338875,0.0,38935066751.21977,31418201206.72689,70423624002.87964,131987000000.0,3915000000.0,18601891960.826317,664786083.2875686,254289313.7092073,410496769.5783613,0.0,0.0,-3.0517578125e-05,0.0,1.0,0.0,1429759907.9970448,208415460.97216547,0.0,0.0,0.0,0.0,0.0,0.0,0.030084080640178607,115095146.00053509,231527084.60681453,22762229.102392763,-7.62939453125e-06,0.0,0.0,0.0,0.0,0.0,0.0,0.0,0.0,-0.0,0.0,0.0,0.0,0.0,0.0,0.0,0.0,0.0,0.0,0.0,601455980.375874,601455980.375874,30833339.7827623,-1.6801059246063232e-06,410496769.5783613,0.0,0.0,2026-09-30,0.0821917808219178,0.0,0.0,0.05186003192581634,0.9588556992419359,347166666.6666667,32496763.128932286,0.0,0.0,7.62939453125e-06,1.52587890625e-05
short_up,10,38935066751.21977,0.0,40622750831.858475,31210860335.46233,68969562750.33978,131987000000.0,3915000000.0,18628173917.660606,659573671.9392262,254289313.7092073,405284358.23001885,0.0,0.0,-3.0517578125e-05,0.0,1.0,0.0,1422225517.8107934,207340871.26455986,0.0,0.0,0.0,0.0,0.0,0.0,0.030084080640178607,120354783.11226933,231527084.60681453,22762229.102392763,7.62939453125e-06,0.0,0.0,0.0,0.0,0.0,0.0,0.0,0.0,-0.0,0.0,0.0,0.0,0.0,0.0,0.0,0.0,0.0,0.0,0.0,601455980.375874,601455980.375874,26281956.834291246,-1.695007085800171e-06,405284358.23001885,0.0,0.0,2026-10-31,0.08493150684931507,0.0,0.0,0.05083897626494641,0.9547333222392813,347166666.6666667,31835734.72906092,0.0,0.0,7.62939453125e-06,1.52587890625e-05
short_up,11,40622750831.858475,0.0,42296677003.34104,31004588513.322952,67523650975.82204,131987000000.0,3915000000.0,18649916492.48605,654376966.3550693,254289313.7092073,400087652.645862,0.0,0.0,-3.0517578125e-05,0.0,1.0,0.0,1414733363.3639946,206271822.13937703,0.0,0.0,0.0,0.0,0.0,0.0,0.030084080640178607,125571695.99918346,231527084.60681453,22762229.102392763,0.0,0.0,0.0,0.0,0.0,0.0,0.0,0.0,0.0,-0.0,0.0,0.0,0.0,0.0,0.0,0.0,0.0,0.0,0.0,0.0,601455980.375874,601455980.375874,21742574.825441606,1.6614794731140137e-06,400087652.645862,0.0,0.0,2026-11-30,0.0821917808219178,0.0,0.0,0.04983599593644432,0.9508385835172775,347166666.6666667,31178411.15375369,0.0,0.0,7.62939453125e-06,1.52587890625e-05
short_up,12,42296677003.34104,0.0,43956908352.52532,30799380228.293568,66085842996.29234,131987000000.0,3915000000.0,18667131577.111256,649195836.636178,254289313.7092073,394906522.9269707,0.0,0.0,-3.0517578125e-05,0.0,1.0,0.0,1407283207.8945956,205208285.02938482,0.0,0.0,0.0,0.0,0.0,0.0,0.030084080640178607,130746080.8949901,231527084.60681453,22762229.102392763,0.0,0.0,0.0,0.0,0.0,0.0,0.0,0.0,0.0,0.0,0.0,0.0,0.0,0.0,0.0,0.0,0.0,0.0,0.0,0.0,601455980.375874,601455980.375874,17215084.6252052,7.934868335723877e-07,394906522.9269707,0.0,0.0,2026-12-31,0.08493150684931507,0.0,0.0,0.048864523626638436,0.946908781756481,347166666.6666667,30524771.635098834,0.0,0.0,7.62939453125e-06,1.52587890625e-05
short_down,0,11845000000.0,0.0,11845000000.0,33894000000.0,94567000000.0,131987000000.0,3915000000.0,18131000000.0,0.0,0.0,0.0,0.0,0.0,0.0,0.0,1.0,0.0,0.0,0.0,0.0,0.0,0.0,0.0,0.0,0.0,0.018199438337660963,0.0,0.0,0.0,0.0,0.0,0.0,0.0,0.0,0.0,0.0,0.0,0.0,-0.0,0.0,0.0,0.0,0.0,0.0,0.0,0.0,0.0,0.0,0.0,0.0,0.0,0.0,0.0,0.0,0.0,0.0,2025-12-31,0.0,0.0,0.0,0.0,1.0,0.0,0.0,0.0,0.0,0.0,1.52587890625e-05
short_down,1,11845000000.0,0.0,19291514515.238293,33578832107.94214,87512666668.77435,131987000000.0,3915000000.0,18208013291.95479,614291004.1506823,147361045.52922732,466929958.621455,0.0,0.0,0.0,0.0,1.0,0.0,7011583331.22564,315167892.0578626,0.0,0.0,0.0,0.0,0.0,0.0,0.018199438337660963,6567587.155617039,140062877.4466388,7298168.08258852,0.0,0.0,0.0,0.0,0.0,0.0,0.0,0.0,0.0,-0.0,0.0,0.0,0.0,0.0,0.0,0.0,0.0,0.0,0.0,0.0,494527712.195894,494527712.195894,77013291.95478833,-1.1920928955078125e-07,466929958.621455,0.0,0.0,2026-01-31,0.08493150684931507,0.0,0.0,0.012296167641114781,0.9989567574454,347166666.6666667,42750000.0,0.0,0.0,3.814697265625e-06,0.0
short_down,2,19291514515.238293,0.0,26820444455.53383,33029941551.969532,80580581068.2694,131987000000.0,3915000000.0,18255967075.772747,582042510.9565935,147361045.52922732,434681465.4273662,0.0,0.0,3.0517578125e-05,0.0,1.0,0.0,6892524585.562229,548890555.9726082,0.0,0.0,0.0,0.0,0.0,0.0,0.018199438337660963,10696386.90947055,140062877.4466388,7298168.08258852,0.0,0.0,0.0,0.0,0.0,0.0,0.0,0.0,0.0,-0.0,0.0,0.0,0.0,0.0,0.0,0.0,0.0,0.0,0.0,0.0,494527712.195894,494527712.195894,47953783.817959405,-5.736947059631348e-07,434681465.4273662,0.0,0.0,2026-02-28,0.07671232876712329,0.0,0.0,0.012845323720685713,0.9979733597895336,347166666.6666667,39561014.942740105,0.0,0.0,3.814697265625e-06,1.52587890625e-05
short_down,3,26820444455.53383,0.0,29070947470.643555,32725075625.59214,78671117034.90036,131987000000.0,3915000000.0,18292140131.136047,476199296.9208931,56432281.642026156,419767015.2788669,0.0,0.0,0.0,0.0,1.0,0.0,1873036740.120133,304865926.3773928,0.0,0.0,0.0,0.0,0.0,0.0,0.006384370264999693,14870882.778733999,49134113.55943763,7298168.08258852,0.0,0.0,0.0,0.0,0.0,0.0,0.0,0.0,0.0,-0.0,0.0,0.0,0.0,0.0,0.0,0.0,0.0,0.0,0.0,0.0,403598948.3086928,403598948.3086928,36173055.363302425,-2.1010637283325195e-06,419767015.2788669,0.0,0.0,2026-03-31,0.08493150684931507,0.0,0.0,0.01336594140260367,0.9968417554519384,347166666.6666667,36427293.248897776,0.0,0.0,3.814697265625e-06,1.52587890625e-05
short_down,4,29070947470.643555,0.0,31292627150.79191,32423049544.52403,76780292043.99033,131987000000.0,3915000000.0,18320968739.30627,467991656.5692415,56432281.642026156,411559374.92721534,0.0,0.0,0.0,0.0,1.0,0.0,1855260890.8196964,302026081.06811047,0.0,0.0,0.0,0.0,0.0,0.0,0.006384370264999693,16118698.287025431,49134113.55943763,7298168.08258852,-3.814697265625e-06,0.0,0.0,0.0,0.0,0.0,0.0,0.0,0.0,-0.0,0.0,0.0,0.0,0.0,0.0,0.0,0.0,0.0,0.0,0.0,403598948.3086928,403598948.3086928,28828608.17022126,1.9744038581848145e-06,411559374.92721534,0.0,0.0,2026-04-30,0.0821917808219178,0.0,0.0,0.014033147145636343,0.9956933134700328,347166666.6666667,35564100.09032739,0.0,0.0,3.814697265625e-06,0.0
short_down,5,31292627150.79191,0.0,33485759426.556683,32123836855.42725,74907924125.50475,131987000000.0,3915000000.0,18342520407.488686,459859949.3966712,56432281.642026156,403427667.754645,0.0,0.0,0.0,0.0,1.0,0.0,1837658585.5800164,299212689.0967805,0.0,0.0,0.0,0.0,0.0,0.0,0.006384370264999693,17350532.388438493,49134113.55943763,7298168.08258852,0.0,0.0,0.0,0.0,0.0,0.0,0.0,0.0,0.0,-0.0,0.0,0.0,0.0,0.0,0.0,0.0,0.0,0.0,0.0,0.0,403598948.3086928,403598948.3086928,21551668.18241308,1.9297003746032715e-06,403427667.754645,0.0,0.0,2026-05-31,0.08493150684931507,0.0,0.0,0.014601234774625655,0.9944600786821759,347166666.6666667,34709332.905565225,0.0,0.0,7.62939453125e-06,1.52587890625e-05
short_down,6,33485759426.556683,0.0,35650617547.153564,31827411351.378357,73053833085.96597,131987000000.0,3915000000.0,18356861984.497902,451803434.7510662,56432281.642026156,395371153.10904,0.0,0.0,0.0,0.0,1.0,0.0,1820228130.1056187,296425504.0488936,0.0,0.0,0.0,0.0,0.0,0.0,0.006384370264999693,18566538.075638317,49134113.55943763,7298168.08258852,-7.62939453125e-06,0.0,0.0,0.0,0.0,0.0,0.0,0.0,0.0,-0.0,0.0,0.0,0.0,0.0,0.0,0.0,0.0,0.0,0.0,0.0,403598948.3086928,403598948.3086928,14341577.009216659,-3.501772880554199e-07,395371153.10904,0.0,0.0,2026-06-30,0.0821917808219178,0.0,0.0,0.015134771400650376,0.9932245532112965,347166666.6666667,33862909.43315668,0.0,0.0,7.62939453125e-06,1.52587890625e-05
short_down,7,35650617547.153564,0.0,37787472106.47609,31533747069.57305,71217840491.10893,131987000000.0,3915000000.0,18364059667.158077,443821379.18362427,56432281.642026156,387389097.5415981,0.0,0.0,0.0,0.0,1.0,0.0,1802967846.6422875,293664281.8053069,0.0,0.0,0.0,0.0,0.0,0.0,0.006384370264999693,19766866.854580093,49134113.55943763,7298168.08258852,0.0,0.0,0.0,0.0,0.0,0.0,0.0,0.0,0.0,-0.0,0.0,0.0,0.0,0.0,0.0,0.0,0.0,0.0,0.0,0.0,403598948.3086928,403598948.3086928,7197682.660173129,2.1941959857940674e-06,387389097.5415981,0.0,0.0,2026-07-31,0.08493150684931507,0.0,0.0,0.016055492714141546,0.9918720194758344,347166666.6666667,33024748.214758266,0.0,0.0,7.62939453125e-06,1.52587890625e-05
short_down,8,37787472106.47609,0.0,40161192278.70782,30959370449.856888,69418616278.07616,131987000000.0,3915000000.0,18364179006.640865,435913056.378777,56432281.642026156,379480774.73675084,0.0,0.0,0.0,0.0,1.0,0.0,1767029444.4454756,574376619.7161654,0.0,0.0,0.0,0.0,0.0,0.0,0.006384370264999693,20951668.758947194,49134113.55943763,7298168.08258852,7.62939453125e-06,0.0,0.0,0.0,0.0,0.0,0.0,0.0,0.0,-0.0,0.0,0.0,0.0,0.0,0.0,0.0,0.0,0.0,0.0,0.0,403598948.3086928,403598948.3086928,119339.48278724775,8.381903171539307e-07,379480774.73675084,0.0,0.0,2026-08-31,0.08493150684931507,0.0,0.0,0.016686941250032956,0.9904682812112415,347166666.6666667,32194768.587296907,0.0,0.0,1.1444091796875e-05,1.52587890625e-05
short_down,9,40161192278.70782,0.0,42165412129.08344,30674932189.69985,67688892043.5581,131987000000.0,3915000000.0,18354236362.34139,425037714.5000615,56432281.642026156,368605432.8580353,0.0,0.0,0.0,0.0,1.0,0.0,1698342824.0272145,284438260.1570405,0.0,0.0,0.0,0.0,0.0,0.0,0.006384370264999693,22267803.340135727,49134113.55943763,7298168.08258852,0.0,0.0,0.0,0.0,0.0,0.0,0.0,0.0,0.0,-0.0,0.0,0.0,0.0,0.0,0.0,0.0,0.0,0.0,0.0,0.0,403598948.3086928,403598948.3086928,-9942644.299476534,-8.940696716308594e-08,368605432.8580353,0.0,0.0,2026-09-30,0.0821917808219178,0.0,0.0,0.017263363279667526,0.989064890538978,347166666.6666667,31381410.490845174,0.0,0.0,1.1444091796875e-05,1.52587890625e-05
short_down,10,42165412129.08344,0.0,44143499231.80585,30393143489.854404,65976052075.39973,131987000000.0,3915000000.0,18337694797.059975,417656853.6128121,56432281.642026156,361224571.970786,0.0,0.0,0.0,0.0,1.0,0.0,1682240497.5728369,281788699.8454447,0.0,0.0,0.0,0.0,0.0,0.0,0.006384370264999693,23379064.509098127,49134113.55943763,7298168.08258852,0.0,0.0,0.0,0.0,0.0,0.0,0.0,0.0,0.0,-0.0,0.0,0.0,0.0,0.0,0.0,0.0,0.0,0.0,0.0,0.0,403598948.3086928,403598948.3086928,-16541565.281413808,-2.2351741790771484e-07,361224571.970786,0.0,0.0,2026-10-31,0.08493150684931507,0.0,0.0,0.017814633542718762,0.9875706727345905,347166666.6666667,30599470.585533097,0.0,0.0,1.1444091796875e-05,7.62939453125e-06
short_down,11,44143499231.80585,0.0,46095703520.11419,30113979669.499344,64279931535.2884,131987000000.0,3915000000.0,18314614724.90193,410344039.53981507,56432281.642026156,353911757.8977889,0.0,0.0,0.0,0.0,1.0,0.0,1666295376.722157,279163820.35506094,0.0,0.0,0.0,0.0,0.0,0.0,0.006384370264999693,24475836.096141722,49134113.55943763,7298168.08258852,-7.62939453125e-06,0.0,0.0,0.0,0.0,0.0,0.0,0.0,0.0,-0.0,0.0,0.0,0.0,0.0,0.0,0.0,0.0,0.0,0.0,0.0,403598948.3086928,403598948.3086928,-23080072.158044618,1.7099082469940186e-06,353911757.8977889,0.0,0.0,2026-11-30,0.0821917808219178,0.0,0.0,0.018340064218476265,0.9860842468377277,347166666.6666667,29825163.389166813,0.0,0.0,1.1444091796875e-05,7.62939453125e-06
short_down,12,46095703520.11419,0.0,48022272498.80229,29837416277.716858,62600367194.212906,131987000000.0,3915000000.0,18285055970.732056,403098608.5236842,56432281.642026156,346666326.8816581,0.0,0.0,0.0,0.0,1.0,0.0,1650505926.6906273,276563391.78248477,0.0,0.0,0.0,0.0,0.0,0.0,0.006384370264999693,25558256.67942871,49134113.55943763,7298168.08258852,0.0,0.0,0.0,0.0,0.0,0.0,0.0,0.0,0.0,0.0,0.0,0.0,0.0,0.0,0.0,0.0,0.0,0.0,0.0,0.0,403598948.3086928,403598948.3086928,-29558754.169874143,-1.955777406692505e-06,346666326.8816581,0.0,0.0,2026-12-31,0.08493150684931507,0.0,0.0,0.01884187388679846,0.9845087682306183,347166666.6666667,29058414.384865534,0.0,0.0,1.1444091796875e-05,7.62939453125e-06
combined_run,0,11845000000.0,0.0,11845000000.0,33894000000.0,94567000000.0,131987000000.0,3915000000.0,18131000000.0,0.0,0.0,0.0,0.0,0.0,0.0,0.0,1.0,0.0,0.0,0.0,0.0,0.0,0.0,0.0,0.0,0.0,0.018199438337660963,0.0,0.0,0.0,0.0,0.0,0.0,0.0,0.0,0.0,0.0,0.0,0.0,-0.0,0.0,0.0,0.0,0.0,0.0,0.0,0.0,0.0,0.0,0.0,0.0,0.0,0.0,0.0,0.0,0.0,0.0,2025-12-31,0.0,0.0,0.0,0.0,1.0,0.0,0.0,0.0,0.0,0.0,1.52587890625e-05
combined_run,1,11845000000.0,0.0,2361180000.0,33663344996.14019,87856995755.61502,105259632500.0,14127379737.168064,18221508514.587147,642096572.5592288,161671391.30541494,480425181.25381386,0.0,0.0,0.0,0.0,1.0,10212379737.168064,6667254244.384976,230655003.8598093,26727367500.0,26727367500.0,26727367500.0,26727367500.0,0.0,0.0,0.018199438337660963,34373155.56416348,140062877.4466388,21608513.858776156,0.0,0.0,0.0,0.0,0.0,0.0,0.0,0.0,0.0,-0.0,0.0,0.0,0.0,0.0,0.0,0.0,0.0,0.0,0.0,0.0,508838057.97208166,508838057.97208166,90508514.58714718,-4.172325134277344e-07,480425181.25381386,0.0,0.0,2026-01-31,0.08493150684931507,0.0,0.0,0.05690157910584807,0.9951905061625596,347166666.6666667,42750000.0,0.0,0.0,0.0,1.52587890625e-05
combined_run,2,2361180000.0,0.0,2361180000.0,33197256472.304432,81220012377.9131,93380802500.0,18906591259.62644,18218055090.591103,580330603.594718,196900688.42150366,383429915.1732143,0.0,0.0,0.0,0.0,1.0,4779211522.458374,6597266705.199321,466088523.8357585,11878830000.0,11878830000.0,38606197500.0,38606197500.0,0.0,0.0,0.018199438337660963,6851938.155761209,111700144.76369442,85200543.65780923,0.0,0.0,0.0,0.0,0.0,0.0,0.0,0.0,0.0,-0.0,0.0,0.0,0.0,0.0,0.0,0.0,0.0,0.0,0.0,0.0,544067355.0881703,544067355.0881703,-3453423.9960435703,-5.885958671569824e-07,383429915.1732143,0.0,0.0,2026-02-28,0.07671232876712329,0.0,0.0,0.05645604768727223,0.9908990463630721,347166666.6666667,39716672.5025912,0.0,0.0,0.0,0.0
combined_run,3,2361180000.0,0.0,2361180000.0,29231100455.667873,79616085081.81839,87441387500.0,19656200000.0,17837778037.486275,609250618.0327908,269138478.10600436,340112139.9267864,3405948526.0298214,-336506171.514359,0.0,3742454697.5441804,0.9100841028923673,749608740.3735619,1567210941.2441182,223701319.09237844,5939415000.0,5939415000.0,44545612500.0,44545612500.0,0.0,0.0,0.028315934672950092,6851938.155761209,154177999.01943943,114960479.08656496,0.0,0.0,0.0,0.0,0.0,0.0,0.0,0.0,0.0,-0.0,0.0,0.0,0.0,0.0,0.0,0.0,0.0,0.0,0.0,0.0,616305144.772671,616305144.772671,-380277053.10482967,1.7881393432617188e-06,340112139.9267864,0.0,0.0,2026-03-31,0.08493150684931507,0.0,0.0,0.05603669524379794,0.9862054176901804,347166666.6666667,36716354.85059043,0.0,0.0,0.0,0.0
combined_run,4,2361180000.0,0.0,2361180000.0,27674789603.00785,78021516483.2945,84471680000.0,19656200000.0,17656606086.302357,587326738.1770296,263999883.55776834,323326854.61926126,1238311997.4911547,-121340856.37140894,-1.52587890625e-05,1359652853.8625636,0.9107560021466521,0.0,1558577315.7587934,196657998.7974572,2969707500.0,2969707500.0,47515320000.0,47515320000.0,0.0,0.0,0.028315934672950092,6851938.155761209,144371624.52350333,119628259.034265,0.0,0.0,0.0,0.0,0.0,0.0,0.0,0.0,0.0,-0.0,0.0,0.0,0.0,0.0,0.0,0.0,0.0,0.0,0.0,0.0,611166550.2244351,611166550.2244351,-181171951.1839199,1.9073486328125e-06,323326854.61926126,0.0,0.0,2026-04-30,0.0821917808219178,0.0,0.0,0.05574558187024574,0.981707402590149,347166666.6666667,35991282.765105546,0.0,0.0,0.0,0.0
combined_run,5,2361180000.0,0.0,2578749501.460368,27488592429.862785,76436251966.62605,82986826250.0,19656200000.0,17587567647.949226,572495365.9999372,259096696.30980033,313398669.69013685,0.0,0.0,-1.52587890625e-05,0.0,1.0,0.0,1549994075.2918332,186197173.1450651,1484853750.0,1484853750.0,49000173750.0,49000173750.0,0.0,0.0,0.028315934672950092,6851938.155761209,139468437.27553532,119628259.034265,0.0,0.0,0.0,0.0,0.0,0.0,0.0,0.0,0.0,-0.0,0.0,0.0,0.0,0.0,0.0,0.0,0.0,0.0,0.0,0.0,606263362.976467,606263362.976467,-69038438.35312885,-1.4901161193847656e-06,313398669.69013685,0.0,0.0,2026-05-31,0.08493150684931507,0.0,0.0,0.05539297190271407,0.9771104802484347,347166666.6666667,35270441.37659902,0.0,0.0,0.0,0.0
combined_run,6,2578749501.460368,0.0,2779092700.793313,27303398166.735554,74860237234.82953,81501972500.0,19656200000.0,17511555602.358418,562353529.7571396,256645102.6858163,305708427.0713233,0.0,0.0,-1.52587890625e-05,0.0,1.0,0.0,1541460925.801056,185194263.12723237,1484853750.0,1484853750.0,50485027500.0,50485027500.0,0.0,0.0,0.028315934672950092,7483305.848434467,137016843.65155128,119628259.034265,-9.5367431640625e-07,0.0,0.0,0.0,0.0,0.0,0.0,0.0,0.0,-0.0,0.0,0.0,0.0,0.0,0.0,0.0,0.0,0.0,0.0,0.0,603811769.352483,603811769.352483,-76012045.59080973,8.642673492431641e-07,305708427.0713233,0.0,0.0,2026-06-30,0.0821917808219178,0.0,0.0,0.055026756116923425,0.9727111537201085,347166666.6666667,34553805.99546633,0.0,0.0,0.0,0.0
combined_run,7,2779092700.793313,0.0,2962277436.5789967,27119201411.672478,73293418307.79306,80017118750.0,19656200000.0,17428578406.044556,552224331.4908255,254193509.06183225,298030822.4289933,0.0,0.0,-3.0517578125e-05,0.0,1.0,0.0,1532977574.9602816,184196755.06307536,1484853750.0,1484853750.0,51969881250.0,51969881250.0,0.0,0.0,0.028315934672950092,8064684.316724339,134565250.02756727,119628259.034265,0.0,0.0,0.0,0.0,0.0,0.0,0.0,0.0,0.0,-0.0,0.0,0.0,0.0,0.0,0.0,0.0,0.0,0.0,0.0,0.0,601360175.7284989,601360175.7284989,-82977196.31386238,5.364418029785156e-07,298030822.4289933,0.0,0.0,2026-07-31,0.08493150684931507,0.0,0.0,0.05508504117041695,0.9681815593290443,347166666.6666667,33841352.076188974,0.0,0.0,0.0,0.0
combined_run,8,2962277436.5789967,0.0,3355598094.9940166,26697178872.596916,71747332405.02412,78532265000.0,19656200000.0,17338644372.615078,542107603.8915317,251741915.43784824,290365688.4536835,0.0,0.0,-3.0517578125e-05,0.0,1.0,0.0,1512952847.552441,422022539.07556194,1484853750.0,1484853750.0,53454735000.0,53454735000.0,0.0,0.0,0.028315934672950092,8596270.422266044,132113656.40358324,119628259.034265,9.5367431640625e-07,0.0,0.0,0.0,0.0,0.0,0.0,0.0,0.0,-0.0,0.0,0.0,0.0,0.0,0.0,0.0,0.0,0.0,0.0,0.0,598908582.104515,598908582.104515,-89934033.42947683,-8.642673492431641e-07,290365688.4536835,0.0,0.0,2026-08-31,0.08493150684931507,0.0,0.0,0.05486301844327219,0.9636911451995819,347166666.6666667,33133055.216493636,0.0,0.0,0.0,-1.52587890625e-05
combined_run,9,3355598094.9940166,0.0,3432645824.9552555,26518159468.695663,70269741291.87177,77047411250.0,19656200000.0,17243935335.522697,534182082.32510376,249290321.81386423,284891760.5112395,0.0,0.0,-3.0517578125e-05,0.0,1.0,0.0,1445156982.2154136,179019403.90125197,1484853750.0,1484853750.0,54939588750.0,54939588750.0,0.0,0.0,0.028315934672950092,9737652.623895312,129662062.77959923,119628259.034265,0.0,0.0,0.0,0.0,0.0,0.0,0.0,0.0,0.0,-0.0,0.0,0.0,0.0,0.0,0.0,0.0,0.0,0.0,0.0,0.0,596456988.480531,596456988.480531,-94709037.0923796,-9.238719940185547e-07,284891760.5112395,0.0,0.0,2026-09-30,0.0821917808219178,0.0,0.0,0.054622722874054085,0.9593839536518989,347166666.6666667,32434130.936952446,0.0,0.0,0.0,0.0
combined_run,10,3432645824.9552555,0.0,3493223760.224388,26340104313.340866,68800771594.84915,75562557500.0,19656200000.0,17142342168.414429,524178398.19068724,246838728.1898802,277339670.00080705,0.0,0.0,-3.0517578125e-05,0.0,1.0,0.0,1437203526.580194,178055155.3547978,1484853750.0,1484853750.0,56424442500.0,56424442500.0,0.0,0.0,0.028315934672950092,9961238.407586602,127210469.15561521,119628259.034265,0.0,0.0,0.0,0.0,0.0,0.0,0.0,0.0,0.0,-0.0,0.0,0.0,0.0,0.0,0.0,0.0,0.0,0.0,0.0,0.0,594005394.8565469,594005394.8565469,-101593167.10827103,2.294778823852539e-06,277339670.00080705,0.0,0.0,2026-10-31,0.08493150684931507,0.0,0.0,0.05439059458380549,0.9549724819962403,347166666.6666667,31766170.442411393,0.0,0.0,0.0,-1.52587890625e-05
combined_run,11,3493223760.224388,0.0,3537395166.7688923,26163008212.82034,67340373000.94338,74077703750.0,19656200000.0,17033872630.532639,514186370.69984657,244387134.56589618,269799236.13395035,0.0,0.0,-1.52587890625e-05,0.0,1.0,0.0,1429296486.5566921,177096100.52052835,1484853750.0,1484853750.0,57909296250.0,57909296250.0,0.0,0.0,0.028315934672950092,10137030.285405235,124758875.53163119,119628259.034265,0.0,0.0,0.0,0.0,0.0,0.0,0.0,0.0,0.0,-0.0,0.0,0.0,0.0,0.0,0.0,0.0,0.0,0.0,0.0,0.0,591553801.2325629,591553801.2325629,-108469537.8817895,-6.556510925292969e-07,269799236.13395035,0.0,0.0,2026-11-30,0.0821917808219178,0.0,0.0,0.054150378678084775,0.9507410037460241,347166666.6666667,31102107.349073164,0.0,0.0,3.814697265625e-06,-1.52587890625e-05
combined_run,12,3537395166.7688923,0.0,3565222849.6137533,25986866001.396683,65888495490.76316,72592850000.0,19656200000.0,16918534341.773619,504205837.7619748,241935540.94191217,262270296.82006264,0.0,0.0,-3.0517578125e-05,0.0,1.0,0.0,1421435591.2678065,176142211.42365804,1484853750.0,1484853750.0,59394150000.0,59394150000.0,0.0,0.0,0.028315934672950092,10265211.849663755,122307281.90764718,119628259.034265,0.0,0.0,0.0,0.0,0.0,0.0,0.0,0.0,0.0,0.0,0.0,0.0,0.0,0.0,0.0,0.0,0.0,0.0,0.0,0.0,589102207.6085789,589102207.6085789,-115338288.75901885,-9.98377799987793e-07,262270296.82006264,0.0,0.0,2026-12-31,0.08493150684931507,0.0,0.0,0.053918189591800544,0.9464070715996038,347166666.6666667,30441918.9124148,0.0,0.0,3.814697265625e-06,-1.52587890625e-05
