id,prefunding_fraction,funding_order,hedge_fraction_assets,swap_notional_usd,feasible,worst_case_nii_usd,worst_case_earnings_usd,worst_case_delta_eve_usd,max_unfunded_withdrawals_usd,max_cash_floor_shortfall_usd,max_unfunded_margin_usd,max_payment_payable_usd
prefund_0pct_borrow_first_hedge_0pct,0.0,borrow_first,0.0,0.0,False,3829098662.0832725,-1212465658.2263825,-6327268010.120136,0.0,0.0,0.0,0.0
prefund_0pct_borrow_first_hedge_5pct,0.0,borrow_first,0.05,7870600000.0,False,3824186117.7042575,-563283245.425953,-5654530175.114033,0.0,0.0,2.9802322387695312e-08,0.0
prefund_0pct_borrow_first_hedge_10pct,0.0,borrow_first,0.1,15741200000.0,False,3819273573.325243,-1312306027.0400858,-4981792340.107925,0.0,0.0,5.960464477539063e-08,0.0
prefund_0pct_borrow_first_hedge_15pct,0.0,borrow_first,0.15,23611800000.0,True,3814361028.9462285,-2061328808.6542163,-4309054505.101818,0.0,9.5367431640625e-07,2.384185791015625e-07,0.0
prefund_0pct_borrow_first_hedge_20pct,0.0,borrow_first,0.2,31482400000.0,True,3809448484.567214,-2810351590.2683496,-3636316670.0957146,0.0,0.0,1.1920928955078125e-07,0.0
prefund_0pct_sell_first_hedge_0pct,0.0,sell_first,0.0,0.0,False,4079800195.4157686,-1642984876.7296917,-6327268010.120136,0.0,0.0,0.0,0.0
prefund_0pct_sell_first_hedge_5pct,0.0,sell_first,0.05,7870600000.0,False,4071988745.1384797,-935342299.9825542,-5654530175.114033,0.0,0.0,2.9802322387695312e-08,0.0
prefund_0pct_sell_first_hedge_10pct,0.0,sell_first,0.1,15741200000.0,False,4064177294.8611913,-1312306027.0400858,-4981792340.107925,0.0,0.0,5.960464477539063e-08,0.0
prefund_0pct_sell_first_hedge_15pct,0.0,sell_first,0.15,23611800000.0,True,4056365844.5839033,-2061328808.6542163,-4309054505.101818,0.0,0.0,2.384185791015625e-07,0.0
prefund_0pct_sell_first_hedge_20pct,0.0,sell_first,0.2,31482400000.0,True,4048554394.306615,-2810351590.2683496,-3636316670.0957146,0.0,9.5367431640625e-07,1.1920928955078125e-07,0.0
prefund_3pct_borrow_first_hedge_0pct,0.03,borrow_first,0.0,0.0,False,3909991745.1773343,-1129979750.5787675,-6065798829.125698,0.0,0.0,0.0,0.0
prefund_3pct_borrow_first_hedge_5pct,0.03,borrow_first,0.05,7870600000.0,False,3905079200.79832,-779458145.2422887,-5393060994.119595,0.0,0.0,2.9802322387695312e-08,0.0
prefund_3pct_borrow_first_hedge_10pct,0.03,borrow_first,0.1,15741200000.0,False,3900166656.4193053,-1528480926.8564215,-4720323159.113487,0.0,0.0,5.960464477539063e-08,0.0
prefund_3pct_borrow_first_hedge_15pct,0.03,borrow_first,0.15,23611800000.0,True,3895254112.0402904,-2277503708.4705524,-4047585324.10738,0.0,9.5367431640625e-07,2.384185791015625e-07,0.0
prefund_3pct_borrow_first_hedge_20pct,0.03,borrow_first,0.2,31482400000.0,True,3890341567.661276,-3026526490.0846863,-3374847489.1012764,0.0,0.0,1.1920928955078125e-07,0.0
prefund_3pct_sell_first_hedge_0pct,0.03,sell_first,0.0,0.0,False,4143190367.346276,-1571468576.8679693,-6065798829.125698,0.0,0.0,0.0,0.0
prefund_3pct_sell_first_hedge_5pct,0.03,sell_first,0.05,7870600000.0,False,4135834004.4220934,-863577725.1031692,-5393060994.119595,0.0,0.0,2.9802322387695312e-08,0.0
prefund_3pct_sell_first_hedge_10pct,0.03,sell_first,0.1,15741200000.0,False,4128477641.4979115,-1528480926.8564215,-4720323159.113487,0.0,0.0,5.960464477539063e-08,0.0
prefund_3pct_sell_first_hedge_15pct,0.03,sell_first,0.15,23611800000.0,True,4121121278.5737295,-2277503708.4705524,-4047585324.10738,0.0,0.0,2.384185791015625e-07,0.0
prefund_3pct_sell_first_hedge_20pct,0.03,sell_first,0.2,31482400000.0,True,4113764915.6495476,-3026526490.0846863,-3374847489.1012764,0.0,0.0,1.1920928955078125e-07,0.0
prefund_6pct_borrow_first_hedge_0pct,0.06,borrow_first,0.0,0.0,False,3990884828.2713966,-1047493842.9311521,-5804329648.131264,0.0,0.0,0.0,0.0
prefund_6pct_borrow_first_hedge_5pct,0.06,borrow_first,0.05,7870600000.0,False,3985972283.8923817,-995633045.0586253,-5131591813.12516,0.0,0.0,2.9802322387695312e-08,0.0
prefund_6pct_borrow_first_hedge_10pct,0.06,borrow_first,0.1,15741200000.0,True,3981059739.513367,-1744655826.672758,-4458853978.119053,0.0,0.0,5.960464477539063e-08,0.0
prefund_6pct_borrow_first_hedge_15pct,0.06,borrow_first,0.15,23611800000.0,True,3976147195.134352,-2493678608.286889,-3786116143.1129456,0.0,9.5367431640625e-07,2.384185791015625e-07,0.0
prefund_6pct_borrow_first_hedge_20pct,0.06,borrow_first,0.2,31482400000.0,True,3971234650.755338,-3242701389.901023,-3113378308.106842,0.0,0.0,1.1920928955078125e-07,0.0
prefund_6pct_sell_first_hedge_0pct,0.06,sell_first,0.0,0.0,False,4183370623.225483,-1487843138.3416116,-5804329648.131264,0.0,9.5367431640625e-07,0.0,0.0
prefund_6pct_sell_first_hedge_5pct,0.06,sell_first,0.05,7870600000.0,False,4179392941.4112663,-995633045.0586253,-5131591813.12516,0.0,9.5367431640625e-07,2.9802322387695312e-08,0.0
prefund_6pct_sell_first_hedge_10pct,0.06,sell_first,0.1,15741200000.0,True,4175415259.59705,-1744655826.672758,-4458853978.119053,0.0,9.5367431640625e-07,5.960464477539063e-08,0.0
prefund_6pct_sell_first_hedge_15pct,0.06,sell_first,0.15,23611800000.0,True,4169505482.7058854,-2493678608.286889,-3786116143.1129456,0.0,9.5367431640625e-07,2.384185791015625e-07,0.0
prefund_6pct_sell_first_hedge_20pct,0.06,sell_first,0.2,31482400000.0,True,4162563380.9472933,-3242701389.901023,-3113378308.106842,0.0,9.5367431640625e-07,1.1920928955078125e-07,0.0
