model_case,id,group,label,curve_variant,policy_id,policy_feasible,reference_feasible,policy_modeled_earnings_usd,reference_modeled_earnings_usd,policy_delta_eve_usd,policy_minimum_cash_usd,policy_max_margin_shortfall_usd
primary,unseen_-300_0,unseen_rate_runoff,-300 bp / 0% runoff,source,prefund_6pct_borrow_first_hedge_10pct,True,True,-2689974943.9605336,92925866.2532118,1936531387.7091026,18688768007.583492,2.384185791015625e-07
primary,unseen_-300_20,unseen_rate_runoff,-300 bp / 20% runoff,source,prefund_6pct_borrow_first_hedge_10pct,True,True,-2684970066.1795874,97930744.03415853,1884202969.3970528,14300836697.265152,2.384185791015625e-07
primary,unseen_-300_40,unseen_rate_runoff,-300 bp / 40% runoff,source,prefund_6pct_borrow_first_hedge_10pct,True,True,-2785747740.253526,-140362054.88461035,1831874551.084919,2361180000.0,2.384185791015625e-07
primary,unseen_-300_60,unseen_rate_runoff,-300 bp / 60% runoff,source,prefund_6pct_borrow_first_hedge_10pct,False,False,-1412457554.003815,1181000923.4803588,1779546132.7728386,0.0,2.384185791015625e-07
primary,unseen_-100_0,unseen_rate_runoff,-100 bp / 0% runoff,source,prefund_6pct_borrow_first_hedge_10pct,True,True,-833061401.2192497,273109593.8528695,789581085.8532753,20249079089.73031,0.0
primary,unseen_-100_20,unseen_rate_runoff,-100 bp / 20% runoff,source,prefund_6pct_borrow_first_hedge_10pct,True,True,-951270773.0988846,154900221.97323465,281600534.994297,15630069875.60619,0.0
primary,unseen_-100_40,unseen_rate_runoff,-100 bp / 40% runoff,source,prefund_6pct_borrow_first_hedge_10pct,True,True,-1195940850.1329298,-309968033.58336735,-226380015.86476517,2361180000.0,0.0
primary,unseen_-100_60,unseen_rate_runoff,-100 bp / 60% runoff,source,prefund_6pct_borrow_first_hedge_10pct,False,False,-951195186.1624751,-101700360.36991167,-734360566.723774,0.0,0.0
primary,unseen_100_0,unseen_rate_runoff,+100 bp / 0% runoff,source,prefund_6pct_borrow_first_hedge_10pct,True,True,908400974.0900726,434777843.454793,-888178524.1248741,20973321880.0,0.0
primary,unseen_100_20,unseen_rate_runoff,+100 bp / 20% runoff,source,prefund_6pct_borrow_first_hedge_10pct,True,True,665073220.1330395,191450089.49775887,-1836787250.0984993,16180778980.575024,0.0
primary,unseen_100_40,unseen_rate_runoff,+100 bp / 40% runoff,source,prefund_6pct_borrow_first_hedge_10pct,True,True,267023381.4924097,-508441031.9511504,-2785395976.072201,2361180000.0,0.0
primary,unseen_100_60,unseen_rate_runoff,+100 bp / 60% runoff,source,prefund_6pct_borrow_first_hedge_10pct,False,False,-621297297.2193146,-1414239872.8051944,-3734004702.0458336,0.0,0.0
primary,unseen_300_0,unseen_rate_runoff,+300 bp / 0% runoff,source,prefund_6pct_borrow_first_hedge_10pct,True,False,2561187813.2087398,583367024.6928946,-2826470423.538574,20973321880.0,0.0
primary,unseen_300_20,unseen_rate_runoff,+300 bp / 20% runoff,source,prefund_6pct_borrow_first_hedge_10pct,True,False,2190802503.2343383,212981714.71849215,-4201272602.609764,16049610081.810516,0.0
primary,unseen_300_40,unseen_rate_runoff,+300 bp / 40% runoff,source,prefund_6pct_borrow_first_hedge_10pct,False,False,1618326255.3342605,-728710214.5095161,-5576074781.68103,2361180000.0,0.0
primary,unseen_300_60,unseen_rate_runoff,+300 bp / 60% runoff,source,prefund_6pct_borrow_first_hedge_10pct,False,False,-356990417.5289606,-2716965407.521017,-6950876960.752243,0.0,0.0
primary,unseen_steepener_40,unseen_rate_runoff,Steepener / 40% runoff,source,prefund_6pct_borrow_first_hedge_10pct,True,True,-116729380.66992831,-351812492.59772563,-2729038051.142437,2361180000.0,0.0
primary,unseen_flattener_40,unseen_rate_runoff,Flattener / 40% runoff,source,prefund_6pct_borrow_first_hedge_10pct,True,True,-598439776.7652991,-478704953.06540376,-437977652.41119003,2361180000.0,2.9802322387695312e-08
primary,unseen_short_up_40,unseen_rate_runoff,Short Up / 40% runoff,source,prefund_6pct_borrow_first_hedge_10pct,True,True,56565891.57324439,-654914228.4038074,-1088261971.4344864,2361180000.0,0.0
primary,unseen_short_down_40,unseen_rate_runoff,Short Down / 40% runoff,source,prefund_6pct_borrow_first_hedge_10pct,True,True,-981851594.6457592,-191904039.7495991,-1747950666.2314491,2361180000.0,5.960464477539063e-08
primary,behavior_beta_0.1,behavioral_uncertainty,Beta = 0.1,source,prefund_6pct_borrow_first_hedge_10pct,True,False,748331092.6871951,-813910414.2858446,-4113874556.6070747,2361180000.0,0.0
primary,behavior_beta_0.9,behavioral_uncertainty,Beta = 0.9,source,prefund_6pct_borrow_first_hedge_10pct,False,False,-48779395.19387978,-1611020902.1669195,-4803833399.631031,2361180000.0,0.0
primary,behavior_maturity_1.0,behavioral_uncertainty,Maturity = 1,source,prefund_6pct_borrow_first_hedge_10pct,True,False,349775848.7466567,-1212465658.2263825,-4158308765.609844,2361180000.0,0.0
primary,behavior_maturity_5.0,behavioral_uncertainty,Maturity = 5,source,prefund_6pct_borrow_first_hedge_10pct,False,False,349775848.7466567,-1212465658.2263825,-5148208630.258076,2361180000.0,0.0
primary,behavior_cpr_0.0,behavioral_uncertainty,CPR = 0,source,prefund_6pct_borrow_first_hedge_10pct,False,False,-271016805.16741586,-1914678330.3779948,-6408864826.154854,2361180000.0,0.0
primary,behavior_cpr_0.2,behavioral_uncertainty,CPR = 0.2,source,prefund_6pct_borrow_first_hedge_10pct,True,False,617042925.2513437,-950068806.0707841,-2879939676.372734,2361180000.0,0.0
primary,proxy_plus_25bp,curve_model_risk,Treasury proxy +25 bp,proxy_plus_25bp,prefund_6pct_borrow_first_hedge_10pct,False,False,312936776.4710195,-1244144696.186907,-4604375304.2966385,2361180000.0,0.0
primary,proxy_minus_25bp,curve_model_risk,Treasury proxy -25 bp,proxy_minus_25bp,prefund_6pct_borrow_first_hedge_10pct,True,False,386630593.9934409,-1180805792.3802946,-4312896974.504421,2361180000.0,0.0
primary,short_end_flat_one_year,curve_model_risk,Sub-one-year rates held at one-year zero,short_end_flat_one_year,prefund_6pct_borrow_first_hedge_10pct,True,False,364646628.70430315,-1197362898.4850926,-4453669956.924316,2361180000.0,0.0
primary,short_end_linear_origin,curve_model_risk,Linear short-end extension to one day,short_end_linear_origin,prefund_6pct_borrow_first_hedge_10pct,True,False,349775848.7466567,-1212465658.2263825,-4458853978.119053,2361180000.0,0.0
primary,segment_fixed_low,asset_segment_uncertainty,Other-loan fixed share 10%,source,prefund_6pct_borrow_first_hedge_10pct,True,False,80439368.31088239,-1482332906.053736,-4469023346.757526,2361180000.0,0.0
primary,segment_fixed_high,asset_segment_uncertainty,Other-loan fixed share 40%,source,prefund_6pct_borrow_first_hedge_10pct,True,False,570106013.5604498,-981448255.9219592,-4438515240.84206,2361179999.999999,0.0
primary,segment_floating_life,asset_segment_uncertainty,Floating contractual life at least 84 months,source,prefund_6pct_borrow_first_hedge_10pct,True,False,304030208.2526975,-1301287298.4473,-4482263307.904762,2361179999.999999,0.0
primary,segment_retain_pledged_proceeds,asset_segment_uncertainty,Pledged principal stays restricted as cash collateral,source,prefund_6pct_borrow_first_hedge_10pct,True,False,242322320.15136844,-1330531612.1996849,-4458853978.119053,2361180000.0,0.0
reference,unseen_-300_0,unseen_rate_runoff,-300 bp / 0% runoff,source,prefund_6pct_borrow_first_hedge_5pct,True,True,2864278781.499892,4501714430.654586,2677027841.466633,19989244003.791744,1.1920928955078125e-07
reference,unseen_-300_20,unseen_rate_runoff,-300 bp / 20% runoff,source,prefund_6pct_borrow_first_hedge_5pct,True,True,2921687758.418481,4524080531.573948,2697544698.5551567,8502157940.198544,1.1920928955078125e-07
reference,unseen_-300_40,unseen_rate_runoff,-300 bp / 40% runoff,source,prefund_6pct_borrow_first_hedge_5pct,True,True,3589619890.5146923,4897751769.647837,2718061555.6435966,2361180000.0,1.1920928955078125e-07
reference,unseen_-300_60,unseen_rate_runoff,-300 bp / 60% runoff,source,prefund_6pct_borrow_first_hedge_5pct,True,True,5786498098.996883,7089892425.0393715,2738578412.73209,2361180000.0,1.1920928955078125e-07
reference,unseen_-100_0,unseen_rate_runoff,-100 bp / 0% runoff,source,prefund_6pct_borrow_first_hedge_5pct,True,True,3898074935.5225134,4637271543.596415,898546596.5746918,20769399544.865154,0.0
reference,unseen_-100_20,unseen_rate_runoff,-100 bp / 20% runoff,source,prefund_6pct_borrow_first_hedge_5pct,True,True,3832523125.9845552,4516448642.475012,462371516.26597595,8953676653.919361,0.0
reference,unseen_-100_40,unseen_rate_runoff,-100 bp / 40% runoff,source,prefund_6pct_borrow_first_hedge_5pct,True,True,3807594259.688342,4278499091.119939,26196435.95716095,2361180000.0,0.0
reference,unseen_-100_60,unseen_rate_runoff,-100 bp / 60% runoff,source,prefund_6pct_borrow_first_hedge_5pct,True,True,4332893880.909174,4802921132.4325905,-409978644.3515854,2361180000.0,0.0
reference,unseen_100_0,unseen_rate_runoff,+100 bp / 0% runoff,source,prefund_6pct_borrow_first_hedge_5pct,True,True,4868086507.819001,4756488094.78326,-894759856.8211136,21131520940.0,0.0
reference,unseen_100_20,unseen_rate_runoff,+100 bp / 20% runoff,source,prefund_6pct_borrow_first_hedge_5pct,True,True,4677672574.862295,4485355834.488434,-1772581585.9718323,8950537633.936138,0.0
reference,unseen_100_40,unseen_rate_runoff,+100 bp / 40% runoff,source,prefund_6pct_borrow_first_hedge_5pct,True,True,3916374719.420039,3494807851.8032517,-2650403315.1226425,2361179999.999999,0.0
reference,unseen_100_60,unseen_rate_runoff,+100 bp / 60% runoff,source,prefund_6pct_borrow_first_hedge_5pct,False,False,2720508848.2216477,2291540392.08281,-3528225044.273384,0.0,0.0
reference,unseen_300_0,unseen_rate_runoff,+300 bp / 0% runoff,source,prefund_6pct_borrow_first_hedge_5pct,True,True,5789752348.042351,4864112954.4854355,-2646835795.5506783,21131520940.0,0.0
reference,unseen_300_20,unseen_rate_runoff,+300 bp / 20% runoff,source,prefund_6pct_borrow_first_hedge_5pct,True,False,5472539951.878557,4438378344.870064,-3951848644.042431,8692298003.25331,0.0
reference,unseen_300_40,unseen_rate_runoff,+300 bp / 40% runoff,source,prefund_6pct_borrow_first_hedge_5pct,False,False,3855185316.509309,2552678990.084401,-5256861492.534229,2361180000.0,0.0
reference,unseen_300_60,unseen_rate_runoff,+300 bp / 60% runoff,source,prefund_6pct_borrow_first_hedge_5pct,False,False,1239691997.9530911,-67766876.63859987,-6561874341.025988,0.0,0.0
reference,unseen_steepener_40,unseen_rate_runoff,Steepener / 40% runoff,source,prefund_6pct_borrow_first_hedge_5pct,True,True,3911513495.7677336,3832342759.889559,-2259510150.2387543,2361180000.0,0.0
reference,unseen_flattener_40,unseen_rate_runoff,Flattener / 40% runoff,source,prefund_6pct_borrow_first_hedge_5pct,True,True,3865587008.484647,3895406667.9012303,-714492342.6605339,2361180000.0,1.4901161193847656e-08
reference,unseen_short_up_40,unseen_rate_runoff,Short Up / 40% runoff,source,prefund_6pct_borrow_first_hedge_5pct,True,True,3890508047.90205,3432960337.3137856,-1678746102.7105713,2361180000.0,0.0
reference,unseen_short_down_40,unseen_rate_runoff,Short Down / 40% runoff,source,prefund_6pct_borrow_first_hedge_5pct,True,True,3817218726.524709,4316760873.195598,-905508943.8972893,2361180000.0,2.9802322387695312e-08
reference,behavior_beta_0.1,behavioral_uncertainty,Beta = 0.1,source,prefund_6pct_borrow_first_hedge_5pct,True,False,3725704014.708024,2861070805.55639,-3893702460.1765327,2361180000.0,0.0
reference,behavior_beta_0.9,behavioral_uncertainty,Beta = 0.9,source,prefund_6pct_borrow_first_hedge_5pct,False,False,2930033901.347633,2065400692.1959991,-4583661303.200489,2361180000.0,0.0
reference,behavior_maturity_1.0,behavioral_uncertainty,Maturity = 1,source,prefund_6pct_borrow_first_hedge_5pct,True,False,3327868958.027829,2463235748.876195,-4016151623.575815,2361180000.0,0.0
reference,behavior_maturity_5.0,behavioral_uncertainty,Maturity = 5,source,prefund_6pct_borrow_first_hedge_5pct,False,False,3327868958.027829,2463235748.876195,-4698053788.460926,2361180000.0,0.0
reference,behavior_cpr_0.0,behavioral_uncertainty,CPR = 0,source,prefund_6pct_borrow_first_hedge_5pct,False,False,3235899177.145468,2371265967.9938345,-4737429710.456577,2361180000.0,0.0
reference,behavior_cpr_0.2,behavioral_uncertainty,CPR = 0.2,source,prefund_6pct_borrow_first_hedge_5pct,True,False,3466270480.027682,2604249256.6306343,-3736153364.67918,2361180000.0,0.0
reference,proxy_plus_25bp,curve_model_risk,Treasury proxy +25 bp,proxy_plus_25bp,prefund_6pct_borrow_first_hedge_5pct,True,False,3296591744.1439676,2434774768.5445223,-4383275277.524151,2361180000.0,0.0
reference,proxy_minus_25bp,curve_model_risk,Treasury proxy -25 bp,proxy_minus_25bp,prefund_6pct_borrow_first_hedge_5pct,True,False,3359130029.4727526,2491663620.629162,-4093718380.4554367,2361180000.0,0.0
reference,short_end_flat_one_year,curve_model_risk,Sub-one-year rates held at one-year zero,short_end_flat_one_year,prefund_6pct_borrow_first_hedge_5pct,True,False,3342445435.2828164,2477766625.615222,-4233477993.7419815,2361180000.0,0.0
reference,short_end_linear_origin,curve_model_risk,Linear short-end extension to one day,short_end_linear_origin,prefund_6pct_borrow_first_hedge_5pct,True,False,3327868958.027829,2463235748.876195,-4238681881.688511,2361180000.0,0.0
